id;keyword;context
Protocol_1897_04_05_01;widernat;verdacht erweckt unsittlicher mensch meinetwegen widernatuerlichen lastern hingiebt reputation angestellten lange
Protocol_1898_01_13_01;175;ich insbesondere eingang bestimmungen paragraf 175 – handelt widernatuerlichen unzucht – auge nothwendig
Protocol_1898_01_13_01;175;verfuegung vorzulegen pruefung bestimmung paragraf 175 eingangs aufrecht erhalten duerfen aufrecht
Protocol_1898_01_13_01;175;quelle bekannt polizei maennern paragraf 175 zuchthaus bedrohte verbrechen begehen erfahrung
Protocol_1898_01_13_01;175;preussische staat gezwungen verbrechen paragraf 175 berlin begangen suehnen neue gefaengnissanstalten
Protocol_1898_01_13_01;175;gesellschaftskreisen entsteht bestimmung eingang paragraf 175 maenner frauen auszudehnen verbrechen begangen
Protocol_1898_01_13_01;175;verbrechen paragraf bestraft behandelt paragraf 175 strafgesetz gehandhabt strafgesetz gruenden punkte
Protocol_1898_01_13_01;175;sinne einzutreten beseitigung bestimmung paragraf 175 herbeigefuehrt
Protocol_1898_01_13_01;widernat;eingang bestimmungen paragraf 175 – handelt widernatuerlichen unzucht – auge nothwendig kommission gewaehlt
Protocol_1898_01_19_01;175;der abgeordnete bebel neulich paragraf 175 strafgesetzbuchs widernatuerlichen unzucht handelt polizei
Protocol_1898_01_19_01;widernat;bebel neulich paragraf 175 strafgesetzbuchs widernatuerlichen unzucht handelt polizei verfolge praxis
Protocol_1899_03_09_01;175;zwischenraeumen petitionen zugegangen bezwecken paragraf 175 aufzuheben widernatuerliche unzucht personen maennlichen
Protocol_1899_03_09_01;175;krankhafter geistiger stoerung verbrechen – paragraf 175 – begangen zweifellos genuegen einzelnen falle
Protocol_1899_03_09_01;widernat;zugegangen bezwecken paragraf 175 aufzuheben widernatuerliche unzucht personen maennlichen geschlechts bestraft
Protocol_1899_03_09_02;sexu;meine wende vorredner bemerkung paragrafen homosexualitaet – ausdruck gebrauchen – strafe gesetzt wissen
Protocol_1901_02_21_01;komitee;lautet reichstag beschliessen petition wissenschaftlichhumanitaeren komitees (abaenderung tz 175 strafgesetzbuchs – petitionsverzeichniss
Protocol_1901_02_21_01;175;petition wissenschaftlichhumanitaeren komitees (abaenderung tz 175 strafgesetzbuchs – petitionsverzeichniss 161) berathung plenum
Protocol_1903_01_21_01;hirschfeld;wozu welt juden hirschfeld genossen neugebauten grundstuecke bellevuestrasse abkaufen
Protocol_1904_06_11_01;175;k) 19 betreffend aenderung paragraf 175 strafgesetzbuchs (nr 407 drucksachen) berichterstatter
Protocol_1905_03_30_01;sexu;mietern ungewoehnlich erschien schluss anormale sexuelle veranlagung berechtigt erscheinen liess verwundern
Protocol_1905_03_31_01;sexu;angelegenheit beruehrt moechte naturwissenschaftliche physiologische homosexualitaet bisexualitaet breitere oeffentliche eroerterung gerueckt
Protocol_1905_03_31_01;sexu;ausserordentlich harten worten diejenigen beurteilt homosexuelle handlungen begehen indirekt diejenigen homosexuellen
Protocol_1905_03_31_01;sexu;empfindungen dingen schweigen gemuetsleben gemuetserregungen homosexuell veranlagten homosexuell handelnden hineindenken strafgesetzbuch
Protocol_1905_03_31_01;sexu;kollege thaler kommissionsbericht theorie unverantwortlichkeit kontraersexuellen beruhe groesstenteils voelligen ignorierung willensfreiheit
Protocol_1905_03_31_01;sexu;aufhebung paragraf 175 vollstaendige straffreiheit homosexuelle handlungen gefordert beschraenkung gewuenscht bestrafung
Protocol_1905_03_31_01;sexu;sprachgebiet 20 jahre sehr eingehend homosexualitaet beschaeftigte ausnahmslos bestaetigt bereits gelehrten
Protocol_1905_03_31_01;sexu;paragrafen moeglichst abzuaendern obengenannten laendern sexuelle akte personen geschlechts personen verschiedenen
Protocol_1905_03_31_01;sexu;freien walten laster einschraenkung strafbarkeit homosexuellen handlungen gerechtigkeit gefordert weiblichen geschlecht
Protocol_1905_03_31_01;sexu;bereits zugestanden ist allgemeinen bekannt homosexueller verkehr frauen heutigen strafgesetz strafbar
Protocol_1905_03_31_01;sexu;homosexuelle verkehr maennern strafbarkeit unterliegt meineherren
Protocol_1905_03_31_01;sexu;sicherheit anschwellen neigungen erwarten neigung homosexuellen geschlechtsverkehr ueben allerseltensten faellen – beweisen
Protocol_1905_03_31_01;sexu;ungluecklichen menschen fuehren naturwissenschaft neuerdings homosexualitaet stellung sehr einfach wissenschaft erkannt
Protocol_1905_03_31_01;sexu;komitees grossem nachdruck grade physiologische homosexuellen fortgesetzt oeffentliche debatte geworfen mag
Protocol_1905_03_31_01;sexu;konstruieren person anzuerkennen gewillt mag homosexuellen wahren ideale geistig tuechtigsten hinstellt
Protocol_1905_03_31_01;sexu;karte empfing zeichen buchstaben mitteilen homosexuell normalsexuell bisexuell brauchte name angegeben
Protocol_1905_03_31_01;sexu;geistlichen szene gesetzt ergebnis enquete heterosexuell normal sexuell empfindenden charlottenburger studentenenquete
Protocol_1905_03_31_01;sexu;prozent dementsprechend ergebnis uebereinstimmend hinsichtlich sexuell normalen abweichenden betraegt charlottenburger studentenenquete
Protocol_1905_03_31_01;sexu;prozent metallarbeiterenquete 43 prozent abweichenden homosexuellen charlottenburger enquete 15 prozent amsterdamer
Protocol_1905_03_31_01;sexu;prozentsaetzen zutage schaetzungen ziffern die homosexuellen umfang zweigeschlechtlichen naturanlage behaupten rein
Protocol_1905_03_31_01;sexu;zutage getreten 1 prozent maenner homosexuell erwiesen ziffern feststehend ergebnissen geradezu
Protocol_1905_03_31_01;sexu;ehrenrechte moeglich macht ueberhaupt bezweifeln homosexualitaet ziemlichem umfang bestehe macht kommissionsbericht
Protocol_1905_03_31_01;sexu;irrenanstalt vieljaehrigem wirken lr) einzigen homosexualitaet kennen gelernt meinung enqueten charlottenburg
Protocol_1905_03_31_01;sexu;amsterdam metallarbeitern zweifel dargetan homosexualitaet verbreiteter anzunehmen geneigt enquete festgestellten
Protocol_1905_03_31_01;sexu;legt zahlen die enqueten menge homosexuell empfindenden ergeben berechnungen zu ergebnissen
Protocol_1905_03_31_01;sexu;millionen einwohnern deutschland 560 000 homosexuellen deutschland 560 000 wahrscheinlich gering
Protocol_1905_03_31_01;sexu;hoch angegeben weiblichen homosexuell empfindenden gerechnet frauen – anlass grunde
Protocol_1905_03_31_01;sexu;ueberhaupt bestrafung gelangt einwand trifft homosexuellen handlungen vollsten umfange buche mitgliedern
Protocol_1905_03_31_01;sexu;das ergebnis statistischen untersuchung prozentsatz homosexuellen – mitgeteilt paragraf 175 reichsstrafgesetzbuchs widernatuerlicher
Protocol_1905_03_31_01;sexu;faelle 175 diejenigen persoenliches verschulden homosexuellen handlungen erblicken stutzig rein persoenliches
Protocol_1905_03_31_01;sexu;sechsmal oefter vergehens strafrichter standen homosexualitaet berufe umfasst beweist personenstandsregister 535
Protocol_1905_03_31_01;sexu;freien berufsarten 12 beruf 8 homosexualitaet geschlecht beschraenkt religion beschraenkt bestraften
Protocol_1905_03_31_01;sexu;deutschland macht alter unterschied vorkommen homosexuellen handlungen statistik 15 jahren 13
Protocol_1905_03_31_01;sexu;personen wenn wiederholt durchblicken laesst homosexuellen handlungen uebersaettigung lasterhaften ausschreitens zeigt
Protocol_1905_03_31_01;sexu;weiss jahren – jahre 1902 statistik – homosexuellen vergehen bestraften personen gestiegen rahmens
Protocol_1905_03_31_01;sexu;ungefaehren frueheren prozentsatzes wie homosexuelle handlungen begehen bestraft verschwindend geringer
Protocol_1905_03_31_01;sexu;gebaut – deutschland 1 260 000 homosexuell veranlagte personen haelfte frauen 600
Protocol_1905_03_31_01;sexu;000 homosexuell empfindende maennliche personen 600000 fuenftel
Protocol_1905_03_31_01;sexu;strafmuendige alter 248 000 viertel homosexuelle erwachsene straf muendige maennliche personen
Protocol_1905_03_31_01;sexu;deutschland 250 000 maennern woechentlich homosexuellen akt multiplikation 52 anzahl 13
Protocol_1905_03_31_01;sexu;millionen homosexueller akte jaehrlich deutschland maennern begangen
Protocol_1905_03_31_01;sexu;verzeichnis vorlesen vorhin hervorhob trieb homosexualitaet abhaengig alter geschlecht berufe religion
Protocol_1905_03_31_01;sexu;grossen staedten kleinen kommissionsberichte strafbarkeit homosexuellen handlungen deswillen abstand handlungen gesundheit
Protocol_1905_03_31_01;sexu;sanitaere missstaende grossen kleinen gemeinwesen homosexuellen handlungen sehr bezeichnend satz kommissionsbericht
Protocol_1905_03_31_01;sexu;lautet homosexuellen ausschreitungen griechen roemern staaten aufgetreten
Protocol_1905_03_31_01;sexu;annehmen wahr beweist zahlreiche auftreten homosexualitaet deutschland bezw europaeischen staaten – nicht
Protocol_1905_03_31_01;sexu;besser deutschland – europaeische kultur verfall homosexualitaet ursache verfalls wirkung bereits begonnenen
Protocol_1905_03_31_01;sexu;gilt neuerdings anzahl faellen bekannt homosexuellen handlungen gerichtsverhandlungen gefuehrt verhandlungen enthuellen
Protocol_1905_03_31_01;sexu;tieftraurige seelenqualen beweisen schwer homosexuellen ringen neigung gefahr strafrichter ausgeliefert
Protocol_1905_03_31_01;sexu;bekannt zusammentraegt monat verhandlungen erpressung homosexuell veranlagten weise geschroepft weise seelenfrieden
Protocol_1905_03_31_01;sexu;zurueckzufuehren find sehr faellen duerfte homosexuelle veranlagung ungluecklichen wahre die petition
Protocol_1905_03_31_01;sexu;der zugetragen abweisen offenes geheimnis homosexuelle neigungen schichten bevoelkerung altersstufen geschlechtern
Protocol_1905_03_31_01;sexu;kreise leiden bestraft – sehr haeufig homosexuellen handlungen hervorragendsten kreisen erstklassigen begangen
Protocol_1905_03_31_01;sexu;polizei bekannt greift ungerechtigkeit homosexualitaet bestraft polizei gericht verpflichtung kenntnis
Protocol_1905_03_31_01;sexu;hoch hoechststehenden personen polizeidirektor gewusst homosexuelle neigungen homosexuell betaetigen paragraf 175
Protocol_1905_03_31_01;sexu;kennt diejenigen hohen hoechsten kreisen homosexuell betaetigen weiss charakterfeste uebertragen paragraf
Protocol_1905_03_31_01;sexu;gebuehrt jahren bekannt gewordenen faellen homosexualitaet erinnere grossindustriellen rheinland essen krupp
Protocol_1905_03_31_01;sexu;staerker wille bekannt zu laufen homosexuelle maenner namhaft wissen homosexuell veranlagte
Protocol_1905_03_31_01;sexu;homosexuell betaetigende weilen konsequenzen mutiger von
Protocol_1905_03_31_01;sexu;verirrungen frueheren zeiten zaehlen naturanlage homosexualitaet zwingt untersuchungen zwingt der freie
Protocol_1905_03_31_01;sexu;anspruch menschen ungestoert betaetigen begreifen homosexuell veranlagte geschlechtlichen verkehr homosexuellen mehrheit
Protocol_1905_03_31_01;sexu;gesetze heterosexuelle betaetigung geschlechtslebens anormales recht paragraf
Protocol_1905_03_31_01;gleichgeschl;angehoerten eingeholtes gutachten abgegeben strafandrohungen gleichgeschlechtlichen verkehrs aufzuheben begruendung stehenden handlungen
Protocol_1905_03_31_01;hirschfeld;wissen vorsitzende wissenschaftlich-humanitaeren komitees hirschfeld charlottenburg enquete studenten technischen hochschule
Protocol_1905_03_31_01;hirschfeld;beantworten ausserordentlich staatsgefaehrliche handlung erblickt hirschfeld bekannten prozess anregung geistlichen szene
Protocol_1905_03_31_01;komitee;wildenbruch unterzeichner petition briefe humanitaere komitee geschrieben beeile ernste aufforderung beantworten
Protocol_1905_03_31_01;komitee;hervorbringt zweifel verdienst humanitaer-wissenschaftlichen komitees grossem nachdruck grade physiologische homosexuellen
Protocol_1905_03_31_01;komitee;oeffentliche debatte geworfen mag humanitaere komitee regel neuen bewegungen scharf standpunkt
Protocol_1905_03_31_01;komitee;tuechtigsten hinstellt ausschreitungen geaendert humanitaere komitee grosse verdienst anspruch nachdruecklich angelegenheit
Protocol_1905_03_31_01;komitee;erregte wissen vorsitzende wissenschaftlich-humanitaeren komitees hirschfeld charlottenburg enquete studenten technischen
Protocol_1905_03_31_01;komitee;luft gebauten berechnungen wissenschaftlichen humanitaeren komitees persoenliches verschulden ausnahmegesetz unterstellt schwersten
Protocol_1905_03_31_01;komitee;handlungen strafrichter gelangen humanitaer-wissenschaftlichen komitee – rechnung luft gebaut – deutschland 1
Protocol_1905_03_31_01;komitee;untersuchung entlassen beispiel monatsberichte wissenschaftlichhumanitaeren komitees grosser sorgfalt verhandlungen bekannt zusammentraegt
Protocol_1905_03_31_01;komitee;testaments verstorbenen polizeidirektors meerscheidthuellessem wissenschaftlichhumanitaere komitee verhindert reichen erfahrungen verstorbene polizeidirektor
Protocol_1905_03_31_01;komitee;wesentlichen einschraenkung testamentarisch aufschriften wissenschaftlichhumanitaeren komitee vermacht aushaendigung testaments verhindert wissenschaftlichhumanitaere
Protocol_1905_03_31_01;komitee;komitee besitz testamentarisch vermachten gabe aushaendigung
Protocol_1905_03_31_01;komitee;fassung strafbar scheuen oeffentlichkeit wissenschaftlichhumanitaeren komitee material liefern schlimm aussehen ziehe
Protocol_1905_03_31_01;komitee;aeussern reichskanzler petition wissenschaftlich humanitaeren komitees zugegangen material akten bearbeitung neuen
Protocol_1905_03_31_01;komitee;strafgesetzes aufgespeichert reichskanzler humanitaeren komitee weite entgegengekommen petitionskommission reichstages petitionskommission
Protocol_1905_03_31_01;komitee;ersuche antrage zuzustimmen petition humanitaerwissenschaftlichen komitees aufhebung paragraf 175 strafgesetzbuchs reichskanzler
Protocol_1905_03_31_01;175;gefoerdert abstimmung petition abaenderung paragraf 175 kommission abstimmungen vornehmen petition beruecksichtigung
Protocol_1905_03_31_01;175;grossen ungerechtigkeiten fuehren aufrechterhaltung 8 175 bereits herbeigefuehrt 8 175 aenderung
Protocol_1905_03_31_01;175;vollzogen wird vollstaendige aufhebung paragraf 175 vollstaendige straffreiheit homosexuelle handlungen gefordert
Protocol_1905_03_31_01;175;gerechtigkeit menschlichkeit jetzige fassung 8 175 reichsstrafgesetzbuchs unvereinbar fortgeschrittenen wissenschaftlichen erkenntnis
Protocol_1905_03_31_01;175;betrachten gruende anerkennt ergebnis gelangen 8175 jetzigen fassung ungerechtigkeit widerspruch darstellt
Protocol_1905_03_31_01;175;beseitigt kommission beseitigung einschraenkung 8 175 alle laster frei walten gemachten
Protocol_1905_03_31_01;175;maennern strafbarkeit unterliegt meineherren paragraf 175 – form vorliegt – 35 jahren strafgesetz
Protocol_1905_03_31_01;175;durchzulesen kommission garnicht plenum paragraf 175 debatte laengere debatte entstanden beweis
Protocol_1905_03_31_01;175;176 166 – gotteslaesterung – tagelang debattiert 175 plenum stillschweigend hinweggegangen alten preussischen
Protocol_1905_03_31_01;175;bemerkbar kommissionsbericht schrecken droht ss 175 gewuenschte einschraenkung angedeihen wahr beseitigung
Protocol_1905_03_31_01;175;gefahr laufen persoenliche schuld naturanlage 175 strafrichter gezogen sehr empfindlich bestraft
Protocol_1905_03_31_01;175;wissen strafgesetz paragraf 175 gefaengnisstrafe erkennt aberkennung buergerlichen ehrenrechte
Protocol_1905_03_31_01;175;zustand 1 million menschen paragraf 175 strafe bedrohen persoenliches verschulden beigemessen
Protocol_1905_03_31_01;175;untersuchung prozentsatz homosexuellen – mitgeteilt paragraf 175 reichsstrafgesetzbuchs widernatuerlicher unzucht deutschland bestraft
Protocol_1905_03_31_01;175;unterschiede wiederholt bestrafung gelangenden faelle 175 diejenigen persoenliches verschulden homosexuellen handlungen
Protocol_1905_03_31_01;175;einzelnen oberlandesgerichtsbezirke verurteilungen vergehens ss 175 verteilen verzeichnis vorlesen vorhin hervorhob
Protocol_1905_03_31_01;175;prozesse haengt anstrengung prozessen tz 175 zufaellen – grossstaedten prozesse ursachen anhaengig
Protocol_1905_03_31_01;175;welch ausserordentliches elend gerichtsverhandlungen tz 175 notwendig macht einzelne familien hoffentlich
Protocol_1905_03_31_01;175;gelingt ungluecklichen z175 befreien ausnahmen gerechterweise zugestanden ungluecklichen
Protocol_1905_03_31_01;175;vergnuegen ergreife gelegenheit bett umaenderung 175 mitzuwirken bedenklichkeit prozess erwachsenen schuelers
Protocol_1905_03_31_01;175;bevoelkerung altersstufen geschlechtern berufsarten paragraf 175 gesellschaftlich hochstehenden kreise leiden bestraft
Protocol_1905_03_31_01;175;polizeidirektor aktenmaterial zusammengestellt aufhebung paragraf 175 wesentlichen einschraenkung testamentarisch aufschriften wissenschaftlichhumanitaeren
Protocol_1905_03_31_01;175;homosexuelle neigungen homosexuell betaetigen paragraf 175 strafgesetzbuchs jetzigen fassung strafbar scheuen
Protocol_1905_03_31_01;175;find jetzigen nichtszustande jetzigen fassung paragraph175 schwer leiden aufzutreten weiss ungerecht
Protocol_1905_03_31_01;175;bestraft wofuer mensch verantwortlich paragraf 175 neue strafgesetz erlassen jetzigen fassung
Protocol_1905_03_31_01;175;betaetigung geschlechtslebens anormales recht paragraf 175 jetzigen fassung aufrecht erhalten paragraf
Protocol_1905_03_31_01;175;175 wirkungslos verschwindender bruchteil hierher gehoerigen
Protocol_1905_03_31_01;175;bruchteil einzigen prozents bestrafung gelangt paragraph175 ungerecht frau handlungen strafe laesst
Protocol_1905_03_31_01;175;manne bestraft paragraf 175 unwissenschaftlich voraussetzung sachen wissenschaftlich widerlegt
Protocol_1905_03_31_01;175;kurz gut stichhaltigen beibehaltung paragraf 175 jetzigen fassung spricht bringt petition
Protocol_1905_03_31_01;175;petition humanitaerwissenschaftlichen komitees aufhebung paragraf 175 strafgesetzbuchs reichskanzler beruecksichtigung ueberweisen
Protocol_1905_03_31_01;widernat;vollstaendige beseitigung – petition verlangt lautet widernatuerliche unzucht personen maennlichen geschlechts menschen
Protocol_1905_03_31_01;widernat;petition bestimmung getroffen wissen inhalts widernatuerliche unzucht bestrafen anwendung gewalt personen
Protocol_1905_03_31_01;widernat;homosexuellen – mitgeteilt paragraf 175 reichsstrafgesetzbuchs widernatuerlicher unzucht deutschland bestraft jahre 1900
Protocol_1905_03_31_02;sexu;resultaten gezeitigt wuerdigen beweis geliefert homosexualitaet ausfluss allgemeinen naturgesetzes gut naturgemaess
Protocol_1905_03_31_02;sexu;naturanlage magnus hirschfeld unterscheidet jahrbuch sexuelle zwischenstufen jahrgang meinungen kontraere sexualempfindung
Protocol_1905_03_31_02;sexu;ergebnis gepriesenen wissenschaft hoeren demgegenueber homosexualitaet ueberhaupt male wissenschaftlich aufzurollen bestrebt
Protocol_1905_03_31_02;sexu;degeneration naturwidrigkeit festhalten caspar anschauung homosexualitaet naturgemaess befindet sohin zweifellos widerspruche
Protocol_1905_03_31_02;sexu;alle arzte stimmen ueberein kontraere sexualempfindung krankhafte erscheinung leichteren grades eigentliche
Protocol_1905_03_31_02;sexu;maennlichen weiblichen individuum erscheinung kontraere sexualempfindung behaftete individuum prinzipieller unerregbarkeit geschlecht
Protocol_1905_03_31_02;sexu;moeglichkeit heterosexueller befriedigung besitzt westphal fasst kontraere
Protocol_1905_03_31_02;sexu;sexualempfindung teilerscheinung neuropathischer psychopathischer zustaende zumeist
Protocol_1905_03_31_02;sexu;leidensgenossen ergriffen haelt urningsliebe berechtigt heterosexuelle verlangt – – aufhebung strafbestimmungen staatliche genehmigung
Protocol_1905_03_31_02;sexu;ehen mitgliedern geschlechts heutigen kontraersexual empfindenden maenner unverhaeltnismaessig gross angibt
Protocol_1905_03_31_02;sexu;krafftebing 86xuaeue8 1898 schrift der kontraersexuelle strafrichter 1894 mitgeteilt foermliches system
Protocol_1905_03_31_02;sexu;stoerungen entworfen unterscheidet angeboren erworbener homosexualitaet standpunkt neueren verlassen beweis sicherheit
Protocol_1905_03_31_02;sexu;reizzustaende versetzt reinen faelle – hoche – kontraersexuellen – stoesst angeborenen abnormen triebs allgemeinen
Protocol_1905_03_31_02;sexu;psychiater stimmt ueberein angeborene abnorme sexuelle veranlagung entstehung kontraersexueller neigungen gehirn
Protocol_1905_03_31_02;sexu;besser einzelne leidet gesamtheit gerechtfertigt kontrasexualen arten befriedigung strafe abzuschneiden gesamtheit
Protocol_1905_03_31_02;sexu;einzugehen – huepeden schluffe erwiesen angeborene kontrasexualitaet hauptursache paederastie kontrasexualitaet begruendet straflosigkeit
Protocol_1905_03_31_02;sexu;strenge form kontrasexualitaet laesst gelehrte ursache straflosigkeit – tritt
Protocol_1905_03_31_02;sexu;strafrechtliche verantwortlichkeit angezweifelt raffaelowitsch entwicklung homosexualitaet gerichtssaal band 43 110 tadelt
Protocol_1905_03_31_02;sexu;kontraeren perversen bereitwillig aufnehme meint homosexuellen luegner kindheit sprechen rein waschen
Protocol_1905_03_31_02;sexu;schriften verkehrtheit gelesen literatur jahrbuchs sexuelle zwischenstufen erinnert gewohnheitsdiebe lebenslaenglich verwahren
Protocol_1905_03_31_02;sexu;arbeitshaeuser stecken trunkenbolde trinkerheilanstalten entmuendigen – kontraersexuelle aergernis mitbuerger steten gefahr ansteckung
Protocol_1905_03_31_02;sexu;taetigkeit reichte petition komitee anhaenger kontraersexuellen gerichtliche straflosigkeit soziale freiheit staatliche
Protocol_1905_03_31_02;sexu;anerkennung grunde anschauung homosexualitaet rein natuerliche erscheinung anschauung falsch
Protocol_1905_03_31_02;sexu;angedeutet natur homosexualitaet dienst fortpflanzung erhaltung gestellt erscheint
Protocol_1905_03_31_02;sexu;anschauung komitees unnatuerlich widersprechend bezeichnet homosexualitaet formales gewissen entwicklungsstadien begruendetes anormales
Protocol_1905_03_31_02;sexu;pathologisches humanitaere komitee homosexuelle betaetigung erlaubt erklaert autoren gegangen
Protocol_1905_03_31_02;sexu;komitee stuetzt krafftebing schrift der kontraersexuale strafrichter 1894 hinsichtlich sodomia raiiollc
Protocol_1905_03_31_02;sexu;sexus laster hielt unverschuldetes gebrechen justiz
Protocol_1905_03_31_02;sexu;grausam in gewissen faellen kscllopatllia sexualis 10 auflage 1898 medizinische wissenschaft
Protocol_1905_03_31_02;sexu;rechts) eulenburg realenzyklopaedie bemerkt kontraerer sexualitaet leidenden hoeher geringe beschriebenen faelle
Protocol_1905_03_31_02;sexu;scheusslichkeit – bloch beitraege antiologie ksolloxatliia sexualis 1902 gaenzliche aufhebung paragraf 175
Protocol_1905_03_31_02;sexu;alledem folgendem resultat lehre kontraeren sexualempfindung bestrittene wissenschaftlich begruendet schliesst strafbarkeit
Protocol_1905_03_31_02;sexu;anschauungen schuetzen handlung gefaehrdet trifft homosexuellen handlung zweifellos homosexualitaet blosse unsittlichkeit
Protocol_1905_03_31_02;sexu;feuerbach lehrbuch 14 aust 467 homosexualitaet erschuettert grundlagen staates erschuettert familie
Protocol_1905_03_31_02;sexu;bestrafung wirkt abschreckend verhindert verbreitung homosexualitaet homosexualitaet rueckgang bevoelkerung verursacht raeumen
Protocol_1905_03_31_02;sexu;freunde humanitaeren komitees  hans fischer homosexualitaet psychologische erscheinung berlin 1904 kurnig
Protocol_1905_03_31_02;sexu;der neonihilismus anti  militarismus sexualleben (ende menschheit) leipzig 1901 nennen
Protocol_1905_03_31_02;sexu;recht deutlich erkennen laesst bestrebungen homosexuellen fuehren homosexuelle verkehr gefaehrdet sittlichkeit
Protocol_1905_03_31_02;sexu;seele kinder schwachen vergiftet umsichgreifen homosexualitaet waechst gefahr allgemeinen degeneration menschengeschlechts
Protocol_1905_03_31_02;sexu;erschreckende anwachsen flut homosexueller schmutz literatur deutlich beweist gaenzliche
Protocol_1905_03_31_02;sexu;aushebung 175 gleichbedeutend offiziellen sanktionierung homosexualitaet gleichsetzung normalen verkehr weib bloch
Protocol_1905_03_31_02;sexu;anlass strafbestimmung paragraph175 aufrecht erhalten homosexuale verkehr unsittlichkeit tiefsten grunde herzens
Protocol_1905_03_31_02;gleichgeschl;deutschen staaten bieten lautes zeugnis gleichgeschlechtlichen verkehr schwere sittliche verirrung strafbare
Protocol_1905_03_31_02;gleichgeschl;laxen gingen griechen auftauchenden auffassung gleichgeschlechtliche verkehr naturanlage entspringe naturnotwendig billigen
Protocol_1905_03_31_02;gleichgeschl;standpunkt moralischen verwerflichkeit krimineller strafbarkeit gleichgeschlechtlicher handlungen entscheidung staat berechtigt laster
Protocol_1905_03_31_02;eulenburg;koerperlichgeistigen gebrechens (hoert hoert rechts) eulenburg realenzyklopaedie bemerkt kontraerer sexualitaet leidenden
Protocol_1905_03_31_02;hirschfeld;wissenschaft darstellen wissenschaft deretwillen  magnus hirschfeld humanitaerwissenschaftlichen komitee welt verlangt tausendjaehrigen
Protocol_1905_03_31_02;hirschfeld;ursache erblicken ursache naturanlage magnus hirschfeld unterscheidet jahrbuch sexuelle zwischenstufen jahrgang
Protocol_1905_03_31_02;hirschfeld;thiele zitierten vielfachen enqueten  magnus hirschfeld juengst veranstaltet gerichtliche bestrafung eingetragen
Protocol_1905_03_31_02;hirschfeld;beruehmte humanitaerwissenschaftliche komitee spitze magnus hirschfeld charlottenburg entfaltet ungemeine taetigkeit reichte
Protocol_1905_03_31_02;komitee;wissenschaft deretwillen  magnus hirschfeld humanitaerwissenschaftlichen komitee welt verlangt tausendjaehrigen grundsaetze resultate
Protocol_1905_03_31_02;komitee;geschichte einfach papierkorb werfen humanitaerwissenschaftliche komitee verlangt beruecksichtigung wissenschaft vertreter worte
Protocol_1905_03_31_02;komitee;grunde standpunkt neuesten jahrbuche humanitaeren komitees 1904 6 entschieden aufgegeben heisst
Protocol_1905_03_31_02;komitee;paragraf 175 bildete beruehmte humanitaerwissenschaftliche komitee spitze magnus hirschfeld charlottenburg entfaltet
Protocol_1905_03_31_02;komitee;ungemeine taetigkeit reichte petition komitee anhaenger kontraersexuellen gerichtliche straflosigkeit soziale
Protocol_1905_03_31_02;komitee;fortpflanzung erhaltung gestellt erscheint anschauung komitees unnatuerlich widersprechend bezeichnet homosexualitaet formales
Protocol_1905_03_31_02;komitee;entwicklungsstadien begruendetes anormales pathologisches humanitaere komitee homosexuelle betaetigung erlaubt erklaert autoren
Protocol_1905_03_31_02;komitee;gegangen anschauungen komitee stuetzt krafftebing schrift der kontraersexuale
Protocol_1905_03_31_02;komitee;raeumen erschreckender offenheit freunde humanitaeren komitees  hans fischer homosexualitaet psychologische erscheinung
Protocol_1905_03_31_02;urani;kapazitaet monographie das paradoxon venus urania 1869 paederastie zeiten voelkern geschlechtlichen
Protocol_1905_03_31_02;urni;ehemaliger hannoeverischer assessor spricht male urningen persoenlich gekannt wuerzburg studierte lief
Protocol_1905_03_31_02;urni;vorstelle brauche ehemaligen hannoeverischen assessor urning ulrichs erinnern hohlen scheuen blickes
Protocol_1905_03_31_02;urni;strassen herumschlich (heiterkeit) ulrichs spricht urningen bezugnehmend stelle platos gastmahl aphroditen
Protocol_1905_03_31_02;urni;auszeichnen angeblichen leidensgenossen ergriffen haelt urningsliebe berechtigt heterosexuelle verlangt – – aufhebung strafbestimmungen
Protocol_1905_03_31_02;urni;bedingt besondere anthropologisch verschiedene menschenklasse urninge nachgewiesen anerkennen – erklaert gelehrte –betrachten
Protocol_1905_03_31_02;urni;verlassen ulrichs verschwinden kaufen 25000 urningen – 25 000 1200 000 – nordpol
Protocol_1905_03_31_02;urni;strafrechtlich verfolgt lÂ«as tersnaea urninge sehnlicher aufhebung paragraf 175 gesetzgeber
Protocol_1905_03_31_02;urni;homosexualitaet psychologische erscheinung berlin 1904 kurnig der neonihilismus anti  militarismus sexualleben
Protocol_1905_03_31_02;urni;menschheit) leipzig 1901 nennen philosophie kurnigs gipfelt satze leben wille dasein
Protocol_1905_03_31_02;175;erklaert gelehrte –betrachten fortbestehen paragraf 175 unbedenklich geheime medizinalrat huepeden gerichtssaal
Protocol_1905_03_31_02;175;benutzte schriften krafftebing agitation paragraf 175 bildete beruehmte humanitaerwissenschaftliche komitee spitze
Protocol_1905_03_31_02;175;tersnaea urninge sehnlicher aufhebung paragraf 175 gesetzgeber leicht verstehen bedenkt paederastie
Protocol_1905_03_31_02;175;sexualis 1902 gaenzliche aufhebung paragraf 175 unheilvollsten folgen begleitet – schrenknotzing reformbeduerftigkeit
Protocol_1905_03_31_02;175;8 175 gruende schwerer gewicht fallen medizinische
Protocol_1905_03_31_02;175;falle umstaenden beweisen aufhebung ss 175 erscheint notwendig genuegen ergebnisse medizinischen
Protocol_1905_03_31_02;175;literatur deutlich beweist gaenzliche aushebung 175 gleichbedeutend offiziellen sanktionierung homosexualitaet gleichsetzung
Protocol_1905_03_31_02;175;1902 umstaenden besteht anlass strafbestimmung paragraph175 aufrecht erhalten homosexuale verkehr unsittlichkeit
Protocol_1905_03_31_02;175;staatsinteressen allgemeinen wohlfahrt bleibe paragraf 175 geltung schutz bedrohten sitten kraft
Protocol_1905_03_31_02;sodom;der kontraersexuale strafrichter 1894 hinsichtlich sodomia raiiollc sexus laster hielt unverschuldetes
Protocol_1905_03_31_02;sodom;wissenschaft interesse krankhafter naturanlage resultierenden sodomitischen handlungen strafrechtlich verfolgt lÂ«as
Protocol_1905_03_31_03;sexu;geaeussert jahren bekannt gewordenen faellen homosexualitaet erinnere grossindustriellen rheinland essen krupp
Protocol_1905_03_31_04;sexu;wichtiger beibehaltung paragraf 175 agitation homosexuellen betreiben unterdruecken agitation neuerdings derartigen
Protocol_1905_03_31_04;sexu;missbilligen gescheut studenten anfrage zuzuschicken homosexuell veranlagt fuehlen (sehr richtig) agitation
Protocol_1905_03_31_04;175;meine laesst verkennen paragraf 175 sehr geeignet krankhaften neigungen bekaempfen
Protocol_1905_03_31_04;175;unterdruecken fallen paragraf 175 verhaeltnismaessig faelle mehrzahl faelle straffrei
Protocol_1905_03_31_04;175;bleibt ss 175 gewisse kritik ueben sehr wichtiger
Protocol_1905_03_31_04;175;beibehaltung paragraf 175 agitation homosexuellen betreiben unterdruecken agitation
Protocol_1905_03_31_04;175;agitation dingen unterdrueckt handelte paragraf 175 strafgesetzbuchs zweckentsprechend ere bestimmungen ersetzt
Protocol_1905_03_31_04;175;petenten vielmehr standpunkte faellen paragraf 175 berechtigte neigungen handele bekaempfung neigungen
Protocol_1905_03_31_05;sexu;gleichmaessig verfahren vorwiegend gegner auffassung homosexualitaet naturanlage vorgebracht sodass diejenigen aufhebung
Protocol_1905_03_31_05;175;vorgebracht sodass diejenigen aufhebung paragraf 175 eintreten kurz moechte dingen verwahrung
Protocol_1905_03_31_05;175;handelt unglueckliche veranlagung standpunkt ss 175 aufrecht erhalten einzige vorteil bringt
Protocol_1905_03_31_06;175;elbst entfernt diejenigen seitigung paragraf 175 bezw moeglichst guenstige behandlung vorliegenden
Protocol_1905_03_31_06;175;bedeutung anzuerkennen ergebnis beseitigung paragraf 175 spricht kurze beschraenke vermeidung missverstaendnisse
Protocol_1905_03_31_07;sexu;handlung erlaubt unerlaubt verwechsele paederastie homosexualitaet veraltete begriffe identisch erklaeren (heiterkeit
Protocol_1905_03_31_07;sexu;jahren 1815 1873 neuen strafgesetzbuch homosexuelle verkehr strafbar menschenalter meine unterlassung
Protocol_1905_03_31_07;sexu;moeglich zeigen hannover bayern straflosigkeit homosexuellen verkehrs jahren 1815 1873 derartiges
Protocol_1905_03_31_07;sexu;dessentwillen mindere achtung entgegenzubringen veranlagt normalsexuellen ueberbleibsel furcht bruch endlich falsch
Protocol_1905_03_31_07;sexu;anerkannten auffassung unterschied ehrenmann er homosexuell veranlagt augen charakters ehrenmannes entkleidet
Protocol_1905_03_31_07;sexu;einzigen satze gewisse interessierende faelle homosexualitaet kennen lernen diskretion vertretern aufhebung
Protocol_1905_03_31_07;sexu;einfach provozieren rueckhaltlos oeffentlichkeit bekannt homosexuelle neigung meinung betaetigen testament verstorbenen
Protocol_1905_03_31_07;sexu;naturanlage herr kollege damm agitation homosexuellen geeignet moral untergraben weiss agitation
Protocol_1905_03_31_07;hirschfeld;klaren unantastbaren beweises umgeben erklaert hirschfeld moll krafft ebing die bewegung
Protocol_1905_03_31_07;hirschfeld;theorie vervollstaendigen masse erfahrung krafftebing hirschfeld ansicht einzelfrage geaendert geringere glaubwuerdigkeit
Protocol_1905_03_31_07;komitee;unterrichtet grosse mehrzahl petition gerichtet komitee vornherein wissen stellung einnehmen bereit
Protocol_1905_03_31_07;komitee;verstorbenen polizeidirektors meerscheidt – huellessem humanitaeren komitee uebergeben genannt bekannt paragraf 175
Protocol_1905_03_31_07;komitee;weiss agitation gefaellt ausfuehrungen humanitaere komitee uebertrieben zweifel bewegung sympathisch antipathisch
Protocol_1905_03_31_07;komitee;bewegung eigen gewiss beispielsweise humanitaere komitee ohren verfehlen drucksachen offenem couvert
Protocol_1905_03_31_07;komitee;leopold haffner mainz brief wissenschaftlichhumanitaere komitee hingewiesen dass 175 straffreiheit christentum
Protocol_1905_03_31_07;175;unwichtiges moment bestrebungen einschraenkung paragraf 175 unterstuetzt kollege thaler paar male
Protocol_1905_03_31_07;175;kennen lernen diskretion vertretern aufhebung 175 streng eingehalten akuten faellen dementieren
Protocol_1905_03_31_07;175;komitee uebergeben genannt bekannt paragraf 175 bestraft zweck leugnen leugnen stelle
Protocol_1905_03_31_07;175;vorliegen feld fuehren aenderung aufhebung 175 verweise bischof paul leopold haffner
Protocol_1905_03_31_07;175;brief wissenschaftlichhumanitaere komitee hingewiesen dass 175 straffreiheit christentum streng verbotener geschlechtshandlungen
Protocol_1905_03_31_07;175;bischof haffner mainz die aufhebung 175 vollstaendig berechtigt anerkennen diejenigen die
Protocol_1905_03_31_07;175;meinetwegen anthropologischen grundsaetzen verstoesst fassung 175 zweifel sozialdemokraten strafgesetzbuch paragrafen gefaehrlicher
Protocol_1905_03_31_07;175;verhaengnisvoller ungerechter erscheinen paragraf 175 hindern gesetzesaenderung einzutreten berechtigt halte
Protocol_1905_03_31_07;175;stoerer untergraber sittlichkeit hingestellt paragraf 175 rueckstaenden mittelalter gesetzgebung endgueltig brechen
Protocol_1905_03_31_07;175;einschraenkung paragraf 175 derartiger schnitt bitten zuzustimmen
Protocol_1905_03_31_08;sexu;hirschfeld broschuere paragraf 175 reichsstrafgesetzbuchs – homosexuelle urteile zeitgenossen – leipzig verlag max
Protocol_1905_03_31_08;sexu;belegstellen verwertbar bischofs haffner unterstuetzung homosexueller betaetigung aussprechen einzige stelle werke
Protocol_1905_03_31_08;hirschfeld;bischof haffner schriften behandelt bestrebungen hirschfeld zustimmend gegenuebergestanden vielmehr in gebiet
Protocol_1905_03_31_08;hirschfeld;laesst nachgelassenen papieren haffners feststellen hirschfeld broschuere paragraf 175 reichsstrafgesetzbuchs – homosexuelle
Protocol_1905_03_31_08;175;gestellt lautet es erscheint paragraf 175 inkonsequenz beseitigung recht gefordert allemmeine
Protocol_1905_03_31_08;175;zustimmendes saetzchen agitation zwecke aufhebung 175 jahren geradezu groben unfug treibt
Protocol_1905_03_31_08;175;haffners feststellen hirschfeld broschuere paragraf 175 reichsstrafgesetzbuchs – homosexuelle urteile zeitgenossen – leipzig
Protocol_1905_03_31_08;175;namensunterschrift bestaetigen bemerkt ob abaenderung 175 gruenden humanitaet empfiehlt lasse dahingestellt
Protocol_1905_03_31_08;175;ueberhaupt sehr mild erscheint paragraf 175 inkonsequenz beseitigung recht gefordert reellen
Protocol_1905_03_31_08;widernat;sinn kontextes moderne gesetzgebung streng widernatuerlichen homogenen unzucht unnatuerliche unzucht bestrafen
Protocol_1905_03_31_10;sexu;standen leipziger volkszeitung behauptungen vorwaerts homosexuellen verkehr krupps unrichtig kellner berlin
Protocol_1905_03_31_10;komitee;thaler unzweifelhaft bischof haffner humanitaeren komitee geforderte abaenderung paragraf 175
Protocol_1905_03_31_10;175;erwaehnt egal haffner beseitigung paragraf 175 angefuehrt zentrum partei nahestehende personen
Protocol_1905_03_31_10;175;freundliche stellung aufhebung paragraf 175 einnehmen glaubt kollege thaler beweisen
Protocol_1905_03_31_10;175;unmoeglich kuemmere notwendigkeit aenderung paragraf 175 mindesten verstaerkt bischof anerkennt kollege
Protocol_1905_03_31_10;175;haffner beseitigung einschraenkung verschaerfung paragraf 175 ausdehnung weibliche geschlecht reden petition
Protocol_1905_03_31_10;175;humanitaeren komitee geforderte abaenderung paragraf 175
Protocol_1905_03_31_11;hirschfeld;tagesordnung petition 369 di mod hirschfeld charlottenburg genossen aufhebung 8 strafgesetzbuchs
Protocol_1905_05_12_01;widernat;stimme vollstaendig kollegen roeren – menschen widernatuerlichen reiz geschlechtlichen literatur anschauen nuditaeten
Protocol_1906_03_03_01;sexu;ganz angeboten bilder homosexualitaet maennern frauen kemmer pruefung 1299
Protocol_1906_03_03_01;sexu;verschiedene weibliche homosexuelle bilder 274 maennliche gelegen anzeigeblatt
Protocol_1907_03_02_01;eulenburg;philister umgebracht liebenberg (zuruf sozialdemokraten eulenburg) – liebenberg (heiterkeit) – dritten kanzler ungeheuer
Protocol_1907_03_02_01;philist;beschwert moebel hinausbringen zweiten kanzler philister umgebracht liebenberg (zuruf sozialdemokraten eulenburg
Protocol_1907_11_28_01;eulenburg;norddeutschen allgemeinen zeitung angriffen fuersten eulenburg norddeutsche allgemeine zeitung verschiedene zeitungen
Protocol_1907_11_28_01;harden;wenden abgeordnete spahn einzelheiten prozesses moltkeharden zustaende armee gesprochen (bravo rechts
Protocol_1907_11_28_01;harden;entschiedenheit (bravo rechts) gewiss prozess moltkeharden sittliche verfehlungen einzelner glaubhaft ekel
Protocol_1907_11_28_01;moltke;wenden abgeordnete spahn einzelheiten prozesses moltkeharden zustaende armee gesprochen (bravo rechts
Protocol_1907_11_28_01;moltke;entschiedenheit (bravo rechts) gewiss prozess moltkeharden sittliche verfehlungen einzelner glaubhaft ekel
Protocol_1907_11_28_01;sodom;lande schoenes vorbild deutsche volk sodom deutschen armee herrschen zustaende sinkenden
Protocol_1907_11_28_01;kamarill;seele gesprochen (lebhaftes bravo) thema kamarilla moechte versuch abgeordneten spahn wenden
Protocol_1907_11_28_01;kamarill;notiz sinne anzuhaengen entrefilet thema kamarilla allgemeine beachtung jahre stelle kamarilla
Protocol_1907_11_28_01;kamarill;deutsches kamarilla fremde giftpflanze versucht giftpflanze deutschland
Protocol_1907_11_28_01;kamarill;negationen ergeben bejahung eingefallen vorhandensein kamarillen deutschen fuerstenhoefen vergangenheit abrede leugnung
Protocol_1907_11_28_01;kamarill;geschichtlichen existenz kamarilla deutschland halbes mund gelegt leipziger
Protocol_1907_11_28_01;kamarill;hamburgamerikalinie ballin male sah sprach ballinkamarilla (heiterkeit) denke leugnen hoefische kamarillen
Protocol_1907_11_28_01;kamarill;favoritenwirtschaft vorigen jahrhunderts monarch beschaffen kamarilla entwickeln einfluss gewinnen – einflusslose kamarilla
Protocol_1907_11_28_01;kamarill;ueberhaupt kamarilla voraussetzung gedeihen giftpflanze abgeschlossen unselbstaendigkeit
Protocol_1907_11_28_01;kamarill;vorgeworfen denke gerede geraune gefluester kamarilla endlich einzustellen (sehr gut) werfen
Protocol_1907_11_28_01;kamarill;angriffe intrigen schuetzen aufloesung reichstags kamarilla intrigen allsolchem zeug allermindeste (sehr
Protocol_1907_11_28_02;175;ausreichen unsererseits bereit verschaerfung paragraf 175 erwaegung (sehr richtig rechts) besonders
Protocol_1907_11_28_02;widernat;meine widernatuerlichen verfehlungen denke genau kollege heckscher
Protocol_1907_11_28_03;eulenburg;nahrung hat endlich aussage fuersten eulenburg aeusserungen majestaet hohenlohe sicherheit verloren
Protocol_1907_11_28_03;harden;tiefbedauerlichen eindruck hinterlassen prozess moltke harden (sehr wahr) kamarillagerede norddeutsche allgemeine
Protocol_1907_11_28_03;harden;eingreifen dankbar (bravo mitte) prozess moltkeharden entlassung anschloss offizier verfuegbare raeume
Protocol_1907_11_28_03;harden;kaserne verkehr beschraenken einzelne garderegiment harden vielmehr behauptet kavallerieregimenter preussen verseucht
Protocol_1907_11_28_03;moltke;sommer tiefbedauerlichen eindruck hinterlassen prozess moltke harden (sehr wahr) kamarillagerede norddeutsche
Protocol_1907_11_28_03;moltke;eingreifen dankbar (bravo mitte) prozess moltkeharden entlassung anschloss offizier verfuegbare raeume
Protocol_1907_11_28_03;kamarill;prozess moltke harden (sehr wahr) kamarillagerede norddeutsche allgemeine zeitung nahrung hat
Protocol_1907_11_28_04;harden;moechte meinerseits kurzes prozess moltke harden reden ekel abscheu deutsche volk
Protocol_1907_11_28_04;harden;geschehen gerichtliches verfahren faellen falle harden moltke kritisch beleuchtet sehr menge
Protocol_1907_11_28_04;harden;dahingestellt instanz gegangen falle moltke harden absehen gesetzgeber unmoeglich angeklagter privatklageverfahren
Protocol_1907_11_28_04;harden;kennen urteil schoeffengerichts prozess moltke harden ergangen betrachten unbegreiflichkeit finde
Protocol_1907_11_28_04;moltke;ich moechte meinerseits kurzes prozess moltke harden reden ekel abscheu deutsche
Protocol_1907_11_28_04;moltke;gerichtliches verfahren faellen falle harden moltke kritisch beleuchtet sehr menge schmutz
Protocol_1907_11_28_04;moltke;gilt dahingestellt instanz gegangen falle moltke harden absehen gesetzgeber unmoeglich angeklagter
Protocol_1907_11_28_04;moltke;leipzig kennen urteil schoeffengerichts prozess moltke harden ergangen betrachten unbegreiflichkeit finde
Protocol_1907_11_28_05;harden;gedacht richthofen bemerkung ueberhoert verfahren harden behauptet kavallerieregimenter preussen verseucht hinzugefuegt
Protocol_1907_11_28_05;harden;kreise deutschen volkes behauptungen prozess harden aufgestellt auskunft erteilt (sehr wahr
Protocol_1907_11_28_05;kamarill;sei vorigen herbst sturze gesprochen kamarillagerede gesprochen waisenknabe bezug presse weiss
Protocol_1907_11_28_05;kamarill;reichskanzler falsch unterrichtet presse zuschiebt kamarillagerede jahresfrist geruechten gesprochen gegnerische presse
Protocol_1907_11_28_05;kamarill;presse norddeutsche allgemeine zeitung bezug kamarillagerede erwaehnt erwaehnt mitteilungen hohenlohes memoiren
Protocol_1907_11_28_05;kamarill;glaube stehe boden geschaeftsordnung zurueckweise – – kamarillagerede zuverlaessigkeit eingebuesst reichskanzler erwaehnung norddeutschen
Protocol_1907_11_28_05;kamarill;verbindung braechte erwaehnen mitte wahlkreise kamarillagerede gebe ausdruck wiederholen erklaeren eroerterungen
Protocol_1907_11_29_01;sexu;eroerterung kamarillaaffaeren sehr unangenehme sprache sexuelle sachen unangenehmster sachen bekanntlich breitesten
Protocol_1907_11_29_01;eulenburg;fuerst bismarck hauptsaechlich liebenberger spitze eulenburg monaten abgesaegt ist eulenburg fuerst
Protocol_1907_11_29_01;eulenburg;posten auswaertigen amt aufgab fuerst eulenburg fuersten hohenlohe heran bat moege
Protocol_1907_11_29_01;eulenburg;gewaltig uebelnahm tausch vertrauensmann fuersten eulenburg moralisch prozess sehr schlecht abgeschnitten
Protocol_1907_11_29_01;eulenburg;auswaertigen amt moeglich schlaegt fuerst eulenburg buelow staatssekretaer auswaertige amt buelow
Protocol_1907_11_29_01;eulenburg;reiste nunmehr wien – berlin – fuersten eulenburg erklaert moegen rom antwortet bernhard
Protocol_1907_11_29_01;eulenburg;meinte sie's lieber – antwortet eulenburg koenige koenig (hoert hoert) bekanntlich
Protocol_1907_11_29_01;eulenburg;weise gerissen erklaert ohren fuersten eulenburg zufassen lasse fuersten eulenburg spiel
Protocol_1907_11_29_01;harden;sogenannten kamarilla angeschnitten bekanntermassen prozess moltkeharden aktuell aufgetaucht reichskanzler veranlassung schaerfsten
Protocol_1907_11_29_01;harden;damalige buelow gesandter rom erzaehlt harden prozess hierueber (rufe ach oh
Protocol_1907_11_29_01;harden;allgemeinheit sprechen bebel abgeordneter marschall harden auswaertigen amt moeglich schlaegt fuerst
Protocol_1907_11_29_01;moltke;sogenannten kamarilla angeschnitten bekanntermassen prozess moltkeharden aktuell aufgetaucht reichskanzler veranlassung schaerfsten
Protocol_1907_11_29_01;lesb;genau geartete liebe weiblichen geschlecht lesbische liebe nennt griechische lesbische liebe
Protocol_1907_11_29_01;175;hauses ausgefuehrt diejenigen berlin paragraf 175 verstiessen verantwortung gezogen reichen neue
Protocol_1907_11_29_01;175;wiederholt trifft maennerkreise damenkreise paragraf 175 trifft (zurufe wahrscheinlich auch) maennerkreise
Protocol_1907_11_29_01;175;sozialdemokraten) polizei maenner eingetragen 8 175 suendigen faellen werkzeug hergeben geld
Protocol_1907_11_29_01;175;rufe hoert hoert) anklage paragraf 175 erhoben ehrengericht aufgerufen charakteristische sehr
Protocol_1907_11_29_01;175;eisen ausgebrannt (zuruf)  jawohl paragraf 175 ansicht unhaltbar (erneuter zuruf  glocke
Protocol_1907_11_29_01;175;unterbrechen bebel abgeordneter  kollege heckscher 175 beratung posten alsdann material vorlegen
Protocol_1907_11_29_01;175;macht verfolgt notwendigerweise umstaenden tz 175 bestehen thema etat kriegsministers sprechen
Protocol_1907_11_29_01;175;hoechste vorgegangen angefuehrten gruenden tz 175 strafgesetzbuchs unhaltbar herausgestellt ss 86
Protocol_1907_11_29_01;kamarill;beschweren erachtens inneren minder sogenannten kamarilla angeschnitten bekanntermassen prozess moltkeharden aktuell
Protocol_1907_11_29_01;kamarill;auszusprechen andeutungen glaube 30 annehmen kamarilla meinung deutschland vorhanden entschiedenste bestritten
Protocol_1907_11_29_01;kamarill;bestreiten gute recht bestreiten richtig kamarilla hintertreppenpolitik deutschland neues spielt bereits
Protocol_1907_11_29_01;kamarill;schaffen gegengewicht berater pflichtgemaess opponieren kamarilla (sehr richtig sozialdemokraten) hintertreppenpolitik beschuldigt
Protocol_1907_11_29_01;kamarill;marschall minister auswaertigen amts hintertreppenpolitik kamarilla (sehr richtig) marschall kreisen gefallen
Protocol_1907_11_29_01;kamarill;fuehren fest zustand deutschland beschaemend kamarilla hintertreppenwirtschaft parlamentarisch regierten lande denkbar
Protocol_1907_11_29_01;kamarill;lenken (sehr richtig sozialdemokraten) eroerterung kamarillaaffaeren sehr unangenehme sprache sexuelle sachen
Protocol_1907_11_29_02;sexu;eulenburg beschuldigen indirekt verbluemten worten homosexuell betaetigt neigung kommandanten hauptquartiers chef
Protocol_1907_11_29_02;sexu;moltke anschliessen graf moltke jegliche homosexuelle betaetigung neigung gewiesen offiziere generaele
Protocol_1907_11_29_02;eulenburg;erwiesen noch genannt gezeigt fuersten eulenburg grafen moltke unzweifelhaft fest maenner
Protocol_1907_11_29_02;eulenburg;zukunft gewinnt ansicht offensichtlich fuersten eulenburg beschuldigen indirekt verbluemten worten homosexuell
Protocol_1907_11_29_02;eulenburg;beweise ausgeschlossen majestaet mitteilung fuerst eulenburg offiziere genannt 17 heisst fuerst
Protocol_1907_11_29_02;eulenburg;eulenburg freunde gesorgt moltke generalstabschef naeher
Protocol_1907_11_29_02;eulenburg;veranlagungen freundschaftlichen verkehr fest fuerst eulenburg besetzung genannten moltke harden heisst
Protocol_1907_11_29_02;eulenburg;1907 erschien blick tafelrunde philipp eulenburg ilecomte kuno moltke hohenau kanzlers
Protocol_1907_11_29_02;harden;jahrzehnten berlin erheblich gewachsen bezogen harden prozess regimenter verseucht mag grosse
Protocol_1907_11_29_02;harden;kaempfen regimenter wahr ungluecklichen verhaeltnisse moltkehardenprozess sprache befehl kuerassiere bekannten tracht
Protocol_1907_11_29_02;harden;hoert hoert lei sozialdemokraten) demjenigen moltkehardenprozess freimuetigkeit weiss nachfragen ermittelt persoenlicher
Protocol_1907_11_29_02;harden;festgestellt vorgaengen sogenannten adlervilla – adlervilla – moltkehardenprozess kameradenkreisen vorgesetztenkreisen jemals bekannt spreche
Protocol_1907_11_29_02;harden;ueberhaupt stattgefunden einzelfaelle beschraenken verhandlung moltkeharden prozess aussage zeugen bollhardt bekannt
Protocol_1907_11_29_02;harden;villa gefeiert kenntnis angeblichen vorgaenge moltkehardenprozess veranlassung kriegsgerichtliche untersuchung einzuleiten grafen
Protocol_1907_11_29_02;harden;fuerst eulenburg besetzung genannten moltke harden heisst veranlassung majestaet bekannt nachtraeglich
Protocol_1907_11_29_02;harden;spaeteren artikeln prozess neuesten artikeln harden ausdruecklich sinn derartiges vielfach oeffentlichkeit
Protocol_1907_11_29_02;harden;gelegen offiziere weise beleidigen bedauere harden (sehr richtig rechts) merkte oeffentlich
Protocol_1907_11_29_02;harden;politik versucht verhaeltnis ausschieden prozess harden majestaet 3 eingereichten abschiedsgesuche eingegangen
Protocol_1907_11_29_02;harden;streifen aufgeworfen general hohenau geklagt harden vorgegangen – ehrengerichtliche verfahren majestaet prozess
Protocol_1907_11_29_02;harden;groesste unwahrheit jemals behauptet erzaehlt harden gefuerchtet herauskommen fuerchten harden (sehr
Protocol_1907_11_29_02;moltke;kaempfen regimenter wahr ungluecklichen verhaeltnisse moltkehardenprozess sprache befehl kuerassiere bekannten tracht
Protocol_1907_11_29_02;moltke;hoert hoert lei sozialdemokraten) demjenigen moltkehardenprozess freimuetigkeit weiss nachfragen ermittelt persoenlicher
Protocol_1907_11_29_02;moltke;festgestellt vorgaengen sogenannten adlervilla – adlervilla – moltkehardenprozess kameradenkreisen vorgesetztenkreisen jemals bekannt spreche
Protocol_1907_11_29_02;moltke;ueberhaupt stattgefunden einzelfaelle beschraenken verhandlung moltkeharden prozess aussage zeugen bollhardt bekannt
Protocol_1907_11_29_02;moltke;genannt gezeigt fuersten eulenburg grafen moltke unzweifelhaft fest maenner villa (hoert
Protocol_1907_11_29_02;moltke;villa gefeiert kenntnis angeblichen vorgaenge moltkehardenprozess veranlassung kriegsgerichtliche untersuchung einzuleiten grafen
Protocol_1907_11_29_02;moltke;gefehlt ist ergeben verfehlungen graf moltke bezw graf hohenau schulden kenntnis
Protocol_1907_11_29_02;moltke;heisst fuerst eulenburg freunde gesorgt moltke generalstabschef naeher kommandant berlin meinung
Protocol_1907_11_29_02;moltke;fest fuerst eulenburg besetzung genannten moltke harden heisst veranlassung majestaet bekannt
Protocol_1907_11_29_02;moltke;tafelrunde philipp eulenburg ilecomte kuno moltke hohenau kanzlers zivit / adjutant below
Protocol_1907_11_29_02;moltke;solidarisch erklaert aelteren general grafen moltke anschliessen graf moltke jegliche homosexuelle
Protocol_1907_11_29_02;moltke;person trennen hofe freizumachen graf moltke prozess freiheit zu vertreten majestaet
Protocol_1907_11_29_02;moltke;dingen entschiedenste zurueckweisen prozesses grafen moltke gerichtet gott neigung grafen hohenau
Protocol_1907_11_29_02;moltke;zaeheren verkehr ansieht vergnuegen grafen moltke hochgebildeter hochmusikalisch liebenswuerdig ausserordentlich geistreich
Protocol_1907_11_29_02;moltke;vertuschung versucht sehr einfach prozess moltke moeglichkeit unterdrueckt voraussichtlich herausgekommen grafen
Protocol_1907_11_29_02;175;zeuge genannten vergehens beschuldigt paragraf 175 reichsstrafgesetzbuchs strafbar vergehen strafgesetzbuchs bestraft
Protocol_1907_11_29_02;175;beruehren – zwang missbrauch dienstgewalt 8 175 allgemeinen strafgesetzbuchs 8 114 militaerstrafgesetzbuchs
Protocol_1907_11_29_03;eulenburg;seinerzeit rom wien gefahren fuersten eulenburg botschafter wien bitten moege sorgen
Protocol_1907_11_29_03;kamarill;spahn gemeint falsch unterrichtet nachsage kamarilla geschwaetz geglaubt habe nachgesagt – zitiere
Protocol_1907_11_29_03;kamarill;oldenberg – thema kamarilla wende versuch notiz norddeutschen allgemeinen
Protocol_1907_11_29_03;kamarill;versuch gewendet norddeutschen allgemeinen  deduzieren kamarilla tratsch aufgebracht gefoerdert endlich abgeordnete
Protocol_1907_11_29_03;kamarill;wenigen worten wenden abgeordnete bebel kamarilla ausgefuehrt eingehenden behandlung themas veranlasst
Protocol_1907_11_29_03;kamarill;besonders aufgefallen abgeordnete bebel gemeint kamarilla aehnliche betruebende erscheinungen kaemen monarchien
Protocol_1907_11_29_03;kamarill;hingehen ueberzeugen (grosse heiterkeit) hoefische kamarilla rote kamarilla (sehr wahr grosse
Protocol_1907_11_29_03;kamarill;koenig demos abgeordnete bebel gemeint kamarilla fuersten einfaelle wuensche fuersten suggerierten
Protocol_1907_11_29_03;kamarill;wuensche aspirationen massen (sehr richtig) kamarilla koenig demos umgibt schaedlich selbstsuechtig
Protocol_1907_11_29_03;kamarill;schamlos jemals fuerstliche kamarilla (sehr richtig) schmeicheln betrifft beziehung
Protocol_1907_11_30_01;sexu;militaerische ehrengericht schnell gezeigt eroerterungen sexuellen verfehlungen armee widerstrebt innersten seele
Protocol_1907_11_30_01;eulenburg;eroerterung geknuepft insonderheit personen fuersten eulenburg grafen moltke befriedigt erklaerung kriegsministers
Protocol_1907_11_30_01;moltke;insonderheit personen fuersten eulenburg grafen moltke befriedigt erklaerung kriegsministers aussprechen denke
Protocol_1907_11_30_01;moltke;wissens ueberhaupt geklagt verlauf prozesses moltke entscheidender bedeutung grafen hohenau offiziere
Protocol_1907_11_30_01;175;gemeldet paragraf strafgesetzbuchs militaerstrafgesetzbuchs betracht 175 140 wovon kriegsminister sprach bedeutung
Protocol_1907_11_30_02;eulenburg;richtig rechts) graf moltke fuerst eulenburg furchtbare tortur durchmachen derartige prozessfuehrungen
Protocol_1907_11_30_02;harden;175 kriegsministers ausserordentlich milde gestimmt harden gutglaeubigkeit bestreiten maenner urteil hoch
Protocol_1907_11_30_02;harden;moechte anknuepfung prozess eingehen sprechen hardenprozess sprechen wtttkowskyprozess (sehr richtig rechts
Protocol_1907_11_30_02;harden;rechts) sinn demnaechst neuen gerichtsverhandlung harden verurteilt witting wittkowsky leiblichen brueder
Protocol_1907_11_30_02;moltke;wtttkowskyprozess (sehr richtig rechts) name moltke volk hochsteht schmutz gasse gezogen
Protocol_1907_11_30_02;moltke;vorgeschoben (sehr richtig rechts) graf moltke fuerst eulenburg furchtbare tortur durchmachen
Protocol_1907_11_30_02;hirschfeld;abgeloest gefaehrdet (heiterkeit)  leicht magnus hirschfeld  studien – bedingungen aufhebung paragraf 175
Protocol_1907_11_30_02;175;ernst scheusslichkeiten jahrelang aufhebung paragraf 175 eingetreten standpunkte erachtens schwer miteinander
Protocol_1907_11_30_02;175;laesst straffrei bedingung aufhebung paragraf 175 geschaffen verfehlungen verschickung kolonie bestraft
Protocol_1907_11_30_02;175;hirschfeld  studien – bedingungen aufhebung paragraf 175 kriegsministers ausserordentlich milde gestimmt harden
Protocol_1907_11_30_02;widernat;auf beschaeftigt widernatuerlichen scheusslichkeiten gehe moechte betonen abgeordnete
Protocol_1907_12_02_01;harden;zum prozess moltkeharden moechte erklaeren durchweg ausfuehrungen abgeordneten
Protocol_1907_12_02_01;moltke;zum prozess moltkeharden moechte erklaeren durchweg ausfuehrungen abgeordneten
Protocol_1907_12_02_01;kamarill;zustand rechtssaetze (sehr richtig links) kamarilla schliesslich spielerei worten
Protocol_1907_12_02_02;harden;draussen ausserordentlich staub aufgerollt prozesse hardenmoltke stimme abgeordneten payer vollkommen ueberein
Protocol_1907_12_02_02;moltke;draussen ausserordentlich staub aufgerollt prozesse hardenmoltke stimme abgeordneten payer vollkommen ueberein
Protocol_1907_12_02_02;moltke;instanz zweiter instanz gegenteil graf moltke richterkollegium greift staatsanwalt harter dazwischen
Protocol_1907_12_02_02;sodom;schlosse stein gemetzt weib rosse sodomitisch ergoetzt heisst erlauchte mutter ward
Protocol_1907_12_02_03;sexu;kluengeln verhaengnisvoll wirken hardenprozess gezeigt sexuellen skandaloese skandaloeseste licht auswaertige politik
Protocol_1907_12_02_03;sexu;marokkoangelegenheit gefallen dingen beachtet wichtiger sexuellen kreis eulenburg kaiser auffassung frankreich
Protocol_1907_12_02_03;eulenburg;dingen beachtet wichtiger sexuellen kreis eulenburg kaiser auffassung frankreich friedliche politik
Protocol_1907_12_02_03;harden;gegeneinanderarbeiten cliquen kluengeln verhaengnisvoll wirken hardenprozess gezeigt sexuellen skandaloese skandaloeseste licht
Protocol_1907_12_02_03;kamarill;arbeit bestellt manne bestritten gaebe kamarilla gaebe persoenliches regiment (sehr richtig
Protocol_1907_12_02_03;kamarill;sozialdemokraten) kamarilla debatte hergezogen reichskanzler deduktionen geschlossen
Protocol_1907_12_02_03;kamarill;worten – zukunft gibts kamarilla gehoert vergangenheit na optimisten glaeubigen
Protocol_1907_12_02_03;kamarill;sozialdemokraten) glauben moechte wahres wunder kamarillen gaebe system hochinteressant reichskanzler affaere
Protocol_1907_12_02_03;kamarill;norddeutschen allgemeinen zeitung reichskanzler bestritten kamarilla reichskanzler versucht affaere weise herauszuziehen
Protocol_1907_12_02_03;kamarill;bemerkungen jahresfrist kamarilla rein historischer natur bestreiten kamarillen
Protocol_1907_12_02_03;kamarill;sommer damaligen bemerkungen ausgelegt vorhandensein kamarillen ueberhaupt bestritten rand geschrieben unsinn
Protocol_1907_12_02_03;kamarill;weise wahren suchte grunde bedenke kamarilla aktuell gekaempft oeffentlichkeit kamarilla gerichtet
Protocol_1907_12_02_03;kamarill;situation aufgefasst reichskanzler behauptet gaebe kamarilla (sehr richtig sozialdemokraten) auslegungsmoeglichkeit staatsmann
Protocol_1907_12_02_03;kamarill;schwachen fuessen glaube glaube begruendung kamarilla gebe begruendung lautet folgendermassen kamarilla
Protocol_1907_12_02_03;kamarill;gehoert persoenlichkeit throne kamarilla beeinflussen laesst person kaisers schliesst
Protocol_1907_12_02_03;kamarill;kamarilla (heiterkeit sozialdemokraten) bismarck neuen kurse
Protocol_1907_12_02_03;kamarill;fungierte ausdruecklich konstatiert kamarilla liebenberg vorhanden spaetere reichskanzler fuerst
Protocol_1907_12_02_03;kamarill;hohenlohe beschaeftigt denkwuerdigkeiten sehr kamarilla fachkenner hause behauptung erfordernis kamarilla
Protocol_1907_12_02_03;kamarill;eigene idee verfolgen glaube wirkung – kamarillen (zurufe rechts) – grabe schatze erfahrungen
Protocol_1907_12_03_01;175;schoen christlichsoziale bewegung besser paragraf 175 mittelalterliche gesetzesbestimmung aufhebung sicher geboten
Protocol_1907_12_03_01;kamarill;deutschen reiche david sozialdemokratische sachverstaendige kamarillaangelegenheiten (heiterkeit) sprach sicherheit bestimmtheit fuehrende
Protocol_1907_12_03_01;kamarill;kamarilla wusste besser reichskanzler ausgesprochen kamarilla republiken monarchien eigener beobachtung kennen
Protocol_1907_12_03_02;harden;ueberhaupt eingehe abgeordnete david geglaubt hardenprozess bedeutsame enthuellungen marokkoaffaere entnehmen gestehen
Protocol_1907_12_03_03;harden;sehr ernsthaftes thema vielbesprochenen prozess moltkeharden erklaerungen kriegsministers hierzu veranlassung sehr
Protocol_1907_12_03_03;moltke;sehr ernsthaftes thema vielbesprochenen prozess moltkeharden erklaerungen kriegsministers hierzu veranlassung sehr
Protocol_1907_12_03_03;moltke;links) zugeben verfehlungen grafen kuno moltke nachsagte oeffentlicher gerichtsverhandlung eid vornehmen
Protocol_1907_12_03_03;moltke;jungen kennen leise graf kuno moltke liebesmahl zimmer trat all bekannt
Protocol_1907_12_03_04;harden;abgeordnete paasche schwerwiegende material prozess harden tasche ansicht pflicht material herauszog
Protocol_1907_12_03_04;harden;kriegsminister weise abgeordnete bebel prozess harden beruehrt lobte hinzuweisen widrigen sozialdemokratie
Protocol_1907_12_03_05;harden;ich falle harden aeusserungen juristischen autoritaeten mitgeteilt verfahren
Protocol_1907_12_03_06;harden;sitzung kriegsminister persoenlich gesprochen falle harden bemerkt exzellenz einverstanden zurueckkommen (hoert
Protocol_1907_12_04_01;sexu;prunkender uniform paradeuniform glaube beweist homosexuell veranlagt (grosse heiterkeit) abgeordnete paasche
Protocol_1907_12_04_01;sexu;moltke wusste bekannten freundeskreis befanden homosexuell veranlagt graf moltke gesprochen antwort
Protocol_1907_12_04_01;sexu;justizrats gordon gewusst graf lynar sexuelle verfehlungen zuschulden antwort justizrats bernstein
Protocol_1907_12_04_01;harden;aber entnehmen bollhardt diejenigen mitteilungen harden prozess moltkeharden ausschluss oeffentlichkeit berechtigt
Protocol_1907_12_04_01;harden;briefe vernehmung 28 – 29 bekannt – harden gerichte abschrift vorgelegt harden bild
Protocol_1907_12_04_01;moltke;bollhardt diejenigen mitteilungen harden prozess moltkeharden ausschluss oeffentlichkeit berechtigt erwiesen liegen
Protocol_1907_12_04_01;moltke;grafen lynar orientiert verfehlungen grafen moltke gewusst berliner tageblatt mitgebracht genau
Protocol_1907_12_04_01;moltke;major vernommen privatklaeger graf kuno moltke wusste bekannten freundeskreis befanden homosexuell
Protocol_1907_12_04_01;moltke;veranlagt graf moltke gesprochen antwort gesprochen beisein exzellenz
Protocol_1907_12_04_01;moltke;moltke hierueber geaeussert eingehende wahrnehmungen antwort
Protocol_1907_12_04_01;moltke;antwort justizrats bernstein major graf moltke gehoert mag graf hohenau aehnlicher
Protocol_1907_12_04_01;moltke;rechts) geruechte – huelsen – geruechte grafen moltke herangetreten eingreifen majestaet erfolgte bestimmteste
Protocol_1907_12_04_01;moltke;gewiesen eingreifen geruechte grafen moltke – gegenteil wahr presse major huelse
Protocol_1907_12_11_01;harden;versammlung arbeitervereins naechste versammlung vortrag hardenprozess gestellt interesse aufrechterhaltung oeffentlichen ordnung
Protocol_1907_12_11_01;harden;gruenden verfolgen aufmerksam zb prozess harden staatsanwalt schoeffengericht verhandelt erkannt oeffentlichrechtlichen
Protocol_1908_01_23_01;harden;missverstanden gefordert prozessualen maengel verhandlung harden prozesses herausgestellt strafjustizreform beachten
Protocol_1908_02_01_01;175;betreffend abaenderung bezw aufhebung paragraf 175 strafgesetzbuchs (nr 604 drucksachen) berichterstatter
Protocol_1908_02_01_03;hirschfeld;beschliessen 1 petitionen 1083 1905 hirschfeld charlottenburg genossen bezw rebach nuernberg
Protocol_1908_02_01_03;175;betreffend abaenderung bezw aufhebung paragraf 175 strafgesetzbuchs abstimmen petitionskommission beantragt reichstag
Protocol_1908_02_01_03;175;rebach nuernberg abaenderung bezw aufhebung 175 strafgesetzbuchs tagesordnung ueberzugehen schriftfuehrer abgeordneter
Protocol_1908_02_01_03;175;vorgesetzte arbeitgeber usw) unsittlichen zwecken 175 strafgesetzbuchs erhoehte strafe gestellt e
Protocol_1908_02_03_01;175;entfernt ausdruecklich bemerken peinliche paragraf 175 strafgesetzbuchs eroerterung erscheint notwendig aeusserungen
Protocol_1908_02_03_01;175;enthoben nervenheilanstalt geschickt handlungen paragraf 175 betreffen gleiche neuerdings traurigen falle
Protocol_1908_02_03_01;175;mittlerweile verschiedene bestrafungen offizieren paragraf 175 – allenstein militaerverwaltung aeusserst unangenehm begreife
Protocol_1908_02_05_01;harden;verstaendnis bemerken vorkommnis passierte moltke harden prozess rolle spielte graf hohenau
Protocol_1908_02_05_01;moltke;besseren verstaendnis bemerken vorkommnis passierte moltke harden prozess rolle spielte graf
Protocol_1908_02_05_02;harden;vollste sympathie auftreten affaere moltke harden (abgeordneter noske ich) (widerspruch abgeordneten
Protocol_1908_02_05_02;moltke;besserung – vollste sympathie auftreten affaere moltke harden (abgeordneter noske ich) (widerspruch
Protocol_1908_02_06_01;moltke;heeres trat reichten feldmarschall graf moltke feldmarschall graf blumenthal welch letzterer
Protocol_1908_02_06_01;moltke;000 mark eingestellt generalfeldmarschall graf moltke praeses landesverteidigungskommission generalfeldmarschall graf blumenthal
Protocol_1908_02_06_02;175;offizier offiziere untergebenen sinne paragraf 175 missbrauchen urteile ausgesprochen (sehr richtig
Protocol_1908_02_18_01;harden;ich moechte linie bedauern aussprechen harden prozess staatsanwalt hause oeffentliche anklage
Protocol_1908_02_18_01;moltke;meinung oeffentliche interesse stellung grafen moltke vornherein ansicht ausdruck staatsanwaltschaft beurteilung
Protocol_1908_02_18_01;moltke;erwuenscht erscheinen lehren zukunft graf moltke schlusswort gerichte ausfuehrte als soldat
Protocol_1908_02_18_02;eulenburg;flicht schliesslich plaedoyer satz fuerst eulenburg gehoert gluecklichen beglueckenden persoenlichkeiten lieben
Protocol_1908_02_18_02;harden;moechte bedeutung falles vorfuehren oberstaatsanwalts moltkehardenprozess (sehr richtig) oberstaatsanwalt beschraenkt prozess
Protocol_1908_02_18_02;harden;taetigkeit sitzenden umsichtige tatkraeftige verteidigung hardens massvoll misst maessigung (lebhafte rufe
Protocol_1908_02_18_02;moltke;moechte bedeutung falles vorfuehren oberstaatsanwalts moltkehardenprozess (sehr richtig) oberstaatsanwalt beschraenkt prozess
Protocol_1908_02_18_02;moltke;hoert hoert) nennt vertreter grafen moltke trefflichen verteidiger streut lob amtsrichter
Protocol_1908_02_19_01;harden;neuesten nachrichten allenfalls sensationsluesterne zukunft harden durchweg blaetter kapitalistische interessen vertreten
Protocol_1908_02_19_02;harden;oeffentlichen diskussion presse folgeerscheinung moltke harden prozesses beduerfnis herausgestellt unsittlichkeit kuenstlerischem
Protocol_1908_02_19_02;moltke;besonders oeffentlichen diskussion presse folgeerscheinung moltke harden prozesses beduerfnis herausgestellt unsittlichkeit
Protocol_1908_02_20_01;harden;volk glaubt vielfach hoehere anweisung harden freigesprochen oeffentliche interesse staatsanwaltschaft entdeckt
Protocol_1908_02_20_01;harden;erachtens vorsitzende schoeffengerichts forum prozess moltkeharden verhandelt deutschen volke schaden verantworten
Protocol_1908_02_20_01;moltke;interesse staatsanwaltschaft entdeckt staatsanwaltschaft gunsten moltkes eingegriffen erachtens misstrauen volk gedrungen
Protocol_1908_02_20_01;moltke;erachtens vorsitzende schoeffengerichts forum prozess moltkeharden verhandelt deutschen volke schaden verantworten
Protocol_1908_02_20_02;harden;wenn worte prozess moltkeharden eingehen geschieht kritik ueben moechte
Protocol_1908_02_20_02;moltke;wenn worte prozess moltkeharden eingehen geschieht kritik ueben moechte
Protocol_1908_02_20_02;moltke;richter entzogen haufen schmeissen grafen moltke extragericht backen schoeffen sozialen stellung
Protocol_1908_02_20_03;harden;meine moechte ausfuehrungen moltkehardenprozess verschiedentlich angeregt abgeordnete heinze meinte
Protocol_1908_02_20_03;moltke;meine moechte ausfuehrungen moltkehardenprozess verschiedentlich angeregt abgeordnete heinze meinte
Protocol_1908_02_20_04;harden;linie liegen beschwerden erfahrungen prozess hardenmoltke fern materielle prozesses eroertern rechtskraft
Protocol_1908_02_20_04;harden;glaube recht hervorheben prozess moltke  harden hervorragendes unheil angestiftet (sehr richtig
Protocol_1908_02_20_04;harden;rechts) bernstein hirschfeld harden ruhm bedeckt ruhmeskranz erworben (sehr
Protocol_1908_02_20_04;moltke;linie liegen beschwerden erfahrungen prozess hardenmoltke fern materielle prozesses eroertern rechtskraft
Protocol_1908_02_20_04;moltke;ahnten glaube recht hervorheben prozess moltke  harden hervorragendes unheil angestiftet (sehr
Protocol_1908_02_20_04;hirschfeld;angestiftet (sehr richtig rechts) bernstein hirschfeld harden ruhm bedeckt ruhmeskranz erworben
Protocol_1908_02_20_05;moltke;liege oeffentliches interesse (zuruf grafen moltke auch) bezug sensationsprozesse behauptet prinzip
Protocol_1908_02_21_01;harden;meines erachtens harden vergroesserung ruhmes staatsanwaltschaft gedient persoenlich
Protocol_1908_02_21_01;harden;weiss auge – vergleichen denjenigen prozesses moltkeharden formelle behandlung meinerseits juristische ungeheuerlichkeit
Protocol_1908_02_21_01;harden;halte moltkeharden eingehen dankbar richtung liegen besprechung
Protocol_1908_02_21_01;moltke;weiss auge – vergleichen denjenigen prozesses moltkeharden formelle behandlung meinerseits juristische ungeheuerlichkeit
Protocol_1908_02_21_01;moltke;halte moltkeharden eingehen dankbar richtung liegen besprechung
Protocol_1908_02_21_01;moltke;aufregung einzelnen leicht grafen kuno moltke falle wahrheitsbeweis ausgeschlossen (sehr richtig
Protocol_1908_02_21_02;harden;journalisten schwere beschimpfungen staatsanwalt schutz hardenprozess aehnliche gehoert augen vorsitzenden oberstaatsanwalt
Protocol_1908_02_21_02;harden;bekomme gutachten abgebe versetzung vorsitzenden hardenprozess geeignet vertrauen volkes richtern erhoehen
Protocol_1908_02_25_01;harden;ich naeher prozess harden eingehen verfahren staatsanwaltschaft oeffentliche interesse
Protocol_1908_03_17_01;175;sehr gunsten eingeborenen rechte beurteilen – 175 176 218 anbelangt – saesse haelfte
Protocol_1908_12_05_01;eulenburg;sprechen gebiet justizskandals jahre affaere eulenburg fuerchten eingehend sprechen halte pflicht
Protocol_1908_12_05_01;eulenburg;kaiser edelsten besten nation bezeichnet eulenburg gericht geradezu glace handschuhen angefasst
Protocol_1908_12_05_01;eulenburg;unterbrach kranken menschen weise behandelt eulenburger schonender weise behandelt menschen gericht
Protocol_1908_12_05_01;eulenburg;sehr richtig sozialdemokraten) eulenburg wahrhaftig allerwenigsten verdient fuerst dohnaschlobitten
Protocol_1908_12_05_01;eulenburg;bekannter eulenburg hof kaiser wilhelms fuerst dohnaschlobitten
Protocol_1908_12_05_01;eulenburg;bedauert briefe 18 dezember 1901 eulenburg einfach verlogen schwer aufs gewissen
Protocol_1908_12_05_01;eulenburg;kaisers koenigs (hoert hoert sozialdemokraten) eulenburg jahrelang grossen einfluss hofe kaisers
Protocol_1908_12_05_01;eulenburg;kamarilla alledem 20 jahre bestanden eulenburg liebknecht erwaehnt eulenburg weiss unheilvollsten
Protocol_1908_12_05_01;eulenburg;verletzt feststellung tatsache ehrenmann umspringt eulenburg gericht verfahren volke verstanden (sehr
Protocol_1908_12_05_01;eulenburg;entwickelt behauptet namentlich harden bekanntlich eulenburg blase aufgestochen landgerichtsrat schmidt berlin
Protocol_1908_12_05_01;harden;prozess zeitungsauseinandersetzungen entwickelt behauptet namentlich harden bekanntlich eulenburg blase aufgestochen landgerichtsrat
Protocol_1908_12_05_01;harden;schmidt berlin harden anklage majestaetsbeleidigung freigesprochen versetzt tritt
Protocol_1908_12_05_01;harden;fest erfolgte versetzung landgerichtsrats schmidt harden freigesprochen ehrenkraenkung hofe beliebten generalstochter
Protocol_1908_12_05_01;kamarill;maennern volke unrecht behauptete spitze kamarilla gebildet uninteressant gelegenheit festzustellen wenigen
Protocol_1908_12_05_01;kamarill;jahren existenz kamarilla bestritten neues fuerst buelow jahren
Protocol_1908_12_05_01;kamarill;behauptet kamarilla fremdwort gebe uns eingefuehrt angebracht
Protocol_1908_12_05_01;kamarill;absurd endlich idee kaiser wilhelm kamarilla bestehen zeiten derartige ungesunde erscheinung
Protocol_1908_12_05_01;kamarill;wilhelms treu dementi gehoert zweifeln kamarilla alledem 20 jahre bestanden eulenburg
Protocol_1908_12_11_01;eulenburg;zusammenhang ehemaligen botschafter fuersten philipp eulenburg bekannten prozess eigentuemliche erfahrungen fuerst
Protocol_1908_12_11_01;eulenburg;freiheit taeuschen klassenjustiz behandlung falles eulenburg weiten kreisen deutschen volkes bekaempft
Protocol_1908_12_11_01;eulenburg;versteht stimmung volke erinnert partner eulenburgs behandelt harden erkrankung gericht wohnung
Protocol_1908_12_11_01;eulenburg;arzte bezeugen liess krank fuerst eulenburg erklaert gesund vernehmungsfaehig gericht beschliesst
Protocol_1908_12_11_01;eulenburg;hochpolitisch dramatischen zwischenfall prozesses fuerst eulenburg aufzeichnung glaub wuerdigen personen verhandlung
Protocol_1908_12_11_01;eulenburg;katholiken jakob ernst meineid getrieben eulenburg antwortete – klerikalismus verziehen energie norddeutschen
Protocol_1908_12_11_01;eulenburg;hervorgeht verstummte redner faellt behauptungen eulenburgs naeher einzugehen fuerst eulenburg botschafter
Protocol_1908_12_11_01;eulenburg;botschafter deutschen reichs aehnliche instruktion eulenburg anspruch bayerische ministerpraesident podewils bayerischen
Protocol_1908_12_11_01;eulenburg;erklaert diplomaten sinne gehandelt fuerst eulenburg disziplinaruntersuchung eingeleitet ueberzeugt schlusseffekt betreffende
Protocol_1908_12_11_01;eulenburg;auswaertigen amts gewissen feierlichkeit fuersten eulenburg vorgetragenen behauptung amt gefuehrt
Protocol_1908_12_11_01;harden;volke erinnert partner eulenburgs behandelt harden erkrankung gericht wohnung grunewald begeben
Protocol_1908_12_11_01;harden;verhandeln harden arzte bezeugen liess krank fuerst
Protocol_1908_12_11_02;eulenburg;abgeordnete erzberger bestimmte gestellt fuerst eulenburg diplomatische vertretungen wien muenchen uebertragen
Protocol_1908_12_11_03;eulenburg;ich ausfuehrungen fuerst eulenburg angeklagter moabit vorgetragen meinerseits einziges
Protocol_1908_12_11_03;eulenburg;behauptet instruktion gesandten botschaftern fuerst eulenburg besten lege wert referiert vorkommnis
Protocol_1909_01_18_01;eulenburg;worten grosse sensation vorjahres prozess eulenburg beklagen prozess vorprozess moltkehardenlaster zustaende
Protocol_1909_01_18_01;eulenburg;regierung abhilfe schaffen fern prozesses eulenburg vorwurf bewussten rechtsbeugung erheben integritaet
Protocol_1909_01_18_01;harden;prozess eulenburg beklagen prozess vorprozess moltkehardenlaster zustaende weiten schichten volles bekannt
Protocol_1909_01_18_01;moltke;prozess eulenburg beklagen prozess vorprozess moltkehardenlaster zustaende weiten schichten volles bekannt
Protocol_1909_01_18_01;hirschfeld;erinnere vorjaehrigen verhandlungen bekannte petition  hirschfeld abaenderung aufhebung paragraf 175 strafgesetzbuchs
Protocol_1909_01_18_01;175;petition  hirschfeld abaenderung aufhebung paragraf 175 strafgesetzbuchs plenum widerspruch einstimmigen kommission
Protocol_1909_01_18_01;175;paragraf 175 schaerfer gefasst straftat missbrauch autoritaetsverhaeltnisses
Protocol_1909_01_18_02;eulenburg;schluffe ausfuehrungen erwaehnt strafverfahrens fuersten eulenburg abgeordnete erwartung ausgesprochen prozess streng
Protocol_1909_01_18_03;eulenburg;indem gegenstand abwende eulenburg staatssekretaer eingehend behandelt presse notiz
Protocol_1909_01_18_03;eulenburg;befinden fuersten eulenburg wesentlich gebessert hegen justiz vertrauen
Protocol_1909_01_18_04;eulenburg;gefaehrlicher einschraenkung wahrheitsbeweises prozessen prozess eulenburg klagen abgeordneten vorhin handhabung rechts
Protocol_1909_01_18_04;eulenburg;beantwortet presse vorwurf erhoben fuerst eulenburg prozess grausam behandelt prozess krankenbett
Protocol_1909_01_18_04;eulenburg;krankenbett gefuehrt reihe angeklagte fuerst eulenburg moechte bitten prozesse auseinanderzureissen behandeln
Protocol_1909_01_18_04;eulenburg;charite auge fasst meinung fuersten eulenburg verfahren leuten faellen verfahren (sehr
Protocol_1909_01_18_04;eulenburg;prozesse moltkeharden zweiten instanz fuersten eulenburg gestattet verteidigungsrede oberstaatsanwalt jsenbiel gestattet
Protocol_1909_01_18_04;eulenburg;geradezu schwaermerische liebeserklaerung welt fuersten eulenburg abzugeben gericht seinerzeit vorgaenge fuersten
Protocol_1909_01_18_04;eulenburg;eulenburg beruehren ueberhaupt gehoerig auszuscheiden gericht
Protocol_1909_01_18_04;eulenburg;zweiten hardenprozess eulenburg eroertern lasten glaenzenden angeblichen rechtfertigung
Protocol_1909_01_18_04;eulenburg;fuersten eulenburg ehrenerklaerung jsenbiel fuersten beweise angeklagte
Protocol_1909_01_18_04;eulenburg;anbot nachher eulenburgprozesses zweiten hardenprozesse abgelehnt sehr spezialisierte
Protocol_1909_01_18_04;eulenburg;nachher zugegeben aussagen zeugen fuersten eulenburg schwer belasteten bekannt besondere bedeutung
Protocol_1909_01_18_04;eulenburg;fuessen erhebung beweise gewehrt fuersten eulenburg ehrenerklaerung abgegeben angeklagten harden verteidiger
Protocol_1909_01_18_04;eulenburg;gesprochen – messer kehle gesetzt ehrenerklaerung eulenburg zwingen aufzuklaeren bedenken prozess muenchen
Protocol_1909_01_18_04;eulenburg;berlin genaueren ermittlungen schliesslich anklage eulenburg uebergegangen hierin kern fuerst eulenburg
Protocol_1909_01_18_04;eulenburg;sozialdemokraten) anklage geschritten absolut wunderbar eulenburgprozess fuersten eulenburg beamten kriminalpolizei ausgesagt
Protocol_1909_01_18_04;eulenburg;bekannt pflegt kriminalkommissaren ruecksprache schwurgerichtsprozess eulenburg staatsanwaltschaft gefuehrt schnellen freisprechung gesichtspunkte
Protocol_1909_01_18_04;eulenburg;mitleids fuersten eulenburg fuehren zeugen bestimmtheit ausgesagt weichen
Protocol_1909_01_18_04;eulenburg;beabsichtigte – wirkung ungunsten gunsten fuersten eulenburg freisprechung fuehren mitleid kranken charite
Protocol_1909_01_18_04;eulenburg;abgeurteilt eulenburg moeglich prozess krankenbette absolut fuerchtete
Protocol_1909_01_18_04;eulenburg;abzubrechen meinung die oeffentlichkeit behandlung eulenburgs betrifft beschwerde fuehren fuerst menschlich
Protocol_1909_01_18_04;eulenburg;geschuettelt wuensche groessere strenge fuersten eulenburg verkenne ueberzeugung eid geleistet widerwillig
Protocol_1909_01_18_04;harden;angehoerigen waehlern bergleuten handelte falle moltkeharden abschneiden wahrheitsbeweises interesse privatklaegers grafen
Protocol_1909_01_18_04;harden;sehr richtig sozialdemokraten) anklage prozesse moltkeharden zweiten instanz fuersten eulenburg gestattet
Protocol_1909_01_18_04;harden;ueberhaupt gehoerig auszuscheiden gericht zweiten hardenprozess eulenburg eroertern lasten glaenzenden angeblichen
Protocol_1909_01_18_04;harden;angeklagte anbot nachher eulenburgprozesses zweiten hardenprozesse abgelehnt sehr spezialisierte gaben oberstaatsanwalt
Protocol_1909_01_18_04;harden;fuersten eulenburg ehrenerklaerung abgegeben angeklagten harden verteidiger – figuerlich gesprochen – messer kehle
Protocol_1909_01_18_04;harden;kriminalpolizei ausgesagt oberstaatsanwalt isenbiel zweiten hardenprozess bekannt pflegt kriminalkommissaren ruecksprache schwurgerichtsprozess
Protocol_1909_01_18_04;moltke;angehoerigen waehlern bergleuten handelte falle moltkeharden abschneiden wahrheitsbeweises interesse privatklaegers grafen
Protocol_1909_01_18_04;moltke;moltke gelegen wahrheitsbeweis abgeschnitten graf moltke saal verlassen obsiegendem urteil allgemeinen
Protocol_1909_01_18_04;moltke;sehr richtig sozialdemokraten) anklage prozesse moltkeharden zweiten instanz fuersten eulenburg gestattet
Protocol_1909_01_18_05;eulenburg;meine ausfuehrlichen eroerterungen eulenburg hause besonders eingehen moechte hervorheben
Protocol_1909_01_18_05;eulenburg;kollegen beizer heine weise geuebt eulenburg behandelt vollstaendig einverstanden ueberzeugung angeklagte
Protocol_1909_01_18_06;eulenburg;ausfuehrlichen eroerterungen vorgerueckten stunde naeher eulenburg einzugehen zeitungsmeldung bestaetigen besserung zustande
Protocol_1909_01_18_06;eulenburg;fuersten eulenburg verhandlungsfaehig duerfen erwarten justiz energisch
Protocol_1909_01_18_06;eulenburg;verurteilung freisprechung gelangt akten leidigen eulenburg geschlossen moechte kurz eingehen wiederholt
Protocol_1909_01_19_01;eulenburg;das auftreten staatsanwaltschaft eulenburgprozess bereits genuegend behandelt beschraenke satz
Protocol_1909_01_19_01;eulenburg;richter armen teufel angewendet fuersten eulenburg gehandhabt (lebhafte zustimmung links) geschieht
Protocol_1909_01_19_01;eulenburg;lieblose bemerkung prozess eulenburg vorlaeufig zurueckstellen laesst leugnen – sehr
Protocol_1909_01_19_02;eulenburg;ich sprechen kuenftige gesetze prozess eulenburg punkte vordergrund debatte geschoben kuenftige
Protocol_1909_01_19_02;eulenburg;gesetze kennen kritisieren duerfe prozess eulenburg moechte sprechen angst befangen gilt
Protocol_1909_01_19_02;eulenburg;recht unrecht fuerst eulenburg umschwung polenpolitik (hoert hoert polen
Protocol_1909_01_19_03;eulenburg;ich kurzen worten eulenburgprozess eingehen prozess tagespresse hinlaenglich recht
Protocol_1909_01_19_03;eulenburg;vernehmen zeitungsmitteilungen entnehmen gesundheitszustand fuersten eulenburg letzter gebessert zutreffend erwarten verhandlung
Protocol_1909_01_19_03;eulenburg;fuersten eulenburg aufgenommen fuerst geringer armer volke
Protocol_1909_01_19_03;eulenburg;ruecksichten walten – beklage milde fuersten eulenburg kranken behandelt leben angeklagten fortfuehrung
Protocol_1909_01_19_03;eulenburg;prozesses gefahr prozess eulenburg ansehen person fortgefuehrt aermste volke
Protocol_1909_01_19_04;eulenburg;zu eulenburg erscheinung ans licht getreten die
Protocol_1909_01_19_04;eulenburg;presse besonders teil presse angeklagten eulenburg feindselig gegenueberstand angreifer angeklagten vornherein
Protocol_1909_01_28_01;175;vorgesehen ist ausnahmen gerichtet paragraf 175 handelt gott ausnahmen diebstahl mord
Protocol_1909_03_30_01;kamarill;sozialdemokraten) springende punkt preussischdeutschen negierungssystems kamarilla spricht glaubt abgeschlachtet – kamarilla gehoert
Protocol_1909_03_30_01;kamarill;person schicksal karriere minister entscheidet kamarilla gewissermassen unentbehrlich system funktionieren quelle
Protocol_1909_03_30_02;kamarill;sehr wahr) verbreitet beruehmte thema kamarilla woertlich gemeint – bemerkung notiert – gespannt
Protocol_1909_03_30_02;kamarill;sehr neugierig wagen existenz kamarilla bestreiten bestreite existenz kamarilla hofe
Protocol_1909_03_30_02;kamarill;operieren (heiterkeit – unruhe sozialdemokraten) kaiserhof kamarilla gaebe einfluss (na na sozialdemokraten
Protocol_1909_03_30_03;kamarill;wenn reichskanzler existenz kamarilla kollegen david bestritt eigenartiges vergnuegen
Protocol_1909_03_30_03;kamarill;gelegenheiten existenz spricht kamarilla besonderes vergnuegen existenz kamarilla bestaetigen
Protocol_1909_03_30_03;kamarill;worte fuersten buelow berufen existenz kamarilla sprach reichskanzler besser existenz bestritten
Protocol_1909_04_23_01;eulenburg;entsprochen oeffentlichkeit besonders auge gefasst eulenburg folgt vorlage bemerken geglaubt vorlage
Protocol_1909_04_23_01;eulenburg;strafgesetzbuchs bringt geeignet oeffentlichkeit meinte eulenburg verhindern selben oeffentlichkeit ueberlassen darlegungen
Protocol_1909_04_23_01;eulenburg;massgebend oeffentlichkeit sinne moege gedanke eulenburg mitgespielt wamm betrifft vorzeitige abaenderung
Protocol_1909_04_23_01;eulenburg;7– (sehr richtig mitte) erinnerung eulenburg legt fernere erinnerung nahe petitionskommission
Protocol_1909_04_23_01;eulenburg;vielfach schlechte erfahrungen hinsicht bezug eulenburg erlebt prozesse moltkeharden oeffentliche interesse
Protocol_1909_04_23_01;harden;hinsicht bezug eulenburg erlebt prozesse moltkeharden oeffentliche interesse vorhanden angesehen liess
Protocol_1909_04_23_01;harden;unstreitig derartiges verhindert bekanntwerden vorgaenge harden oeffentlichkeit uebermittelt oeffentlichkeit hoechst bedauerlich
Protocol_1909_04_23_01;moltke;hinsicht bezug eulenburg erlebt prozesse moltkeharden oeffentliche interesse vorhanden angesehen liess
Protocol_1909_04_23_01;175;reichstags einstimmig verlangt moegen paragraf 175 strafgesetzbuchs geschieht personen die obhut
Protocol_1909_04_23_01;175;richtig mitte) vorlage aenderung paragraf 175 enthalten einzelnen bestimmungen wende die
Protocol_1909_04_23_02;eulenburg;aenderung beleidigungsbegriffes aenderung bestrafung beleidigung eulenburg gefuehrt derartige eulenburg hervorgetreten zukunft
Protocol_1909_04_23_02;eulenburg;oeffentliche interesse innigste beruehren falle eulenburg richtig handelte vorgang privatleben abgespielt
Protocol_1909_04_23_02;eulenburg;falle insbesondere aehnlichen faellen falle eulenburg – staatssekretaer zugesagt – einschraenkung wahrheitsbeweises eintreten
Protocol_1909_04_23_03;eulenburg;merkwuerdige bedenkliche verstaerkung schutzes ehre eulenburg prozess verschaerfung gezeitigt untersuchen schenken
Protocol_1909_04_23_03;eulenburg;verstehen oeffentliche meinung ueberzeugung eulenburg prozess moltke prozesse sogenannten reformvorschlaege
Protocol_1909_04_23_03;eulenburg;versucht regierung fuerchtet prozesse moltke eulenburg prozesse (heiterkeit sozialdemokraten) geneigt glauben
Protocol_1909_04_23_03;moltke;oeffentliche meinung ueberzeugung eulenburg prozess moltke prozesse sogenannten reformvorschlaege gezeitigt beweisaufnahme
Protocol_1909_04_23_03;moltke;getreten versucht regierung fuerchtet prozesse moltke eulenburg prozesse (heiterkeit sozialdemokraten) geneigt
Protocol_1909_04_24_01;harden;nun paar worte moltkeharden gesetzgebung bedeutung verstehe aengstlich weist
Protocol_1909_04_24_01;harden;richtig links) schaeden prozess moltke harden gezeigt welt (sehr wahr links
Protocol_1909_04_24_01;harden;schuldig einzugehen moechte prozess schrifstellers harden moltke rechtliches interesse harden grafen
Protocol_1909_04_24_01;moltke;nun paar worte moltkeharden gesetzgebung bedeutung verstehe aengstlich weist
Protocol_1909_04_24_01;moltke;moltke reformgedanken mitspiele verkettung unbedenklich gesetzgebung
Protocol_1909_04_24_01;moltke;sehr richtig links) schaeden prozess moltke harden gezeigt welt (sehr wahr
Protocol_1909_04_24_01;moltke;einzugehen moechte prozess schrifstellers harden moltke rechtliches interesse harden grafen moltke
Protocol_1909_04_24_01;moltke;schwere vorwurf berechtigt prozess graf moltke gefuehrt fuehrt interessiert schlechterdings verstaendigen
Protocol_1910_01_15_01;eulenburg;unterliegt zweifel gesetz recht iex eulenburg bezeichnet ueberhaupt bekommen peinlichen eroerterungen
Protocol_1910_01_15_01;eulenburg;absicht zweifeln gewisse sentimentalitaet anlaesslich eulenburgprozesses einschraenkungen wahrheitsbeweises vorgehen zweifel gehoben
Protocol_1910_01_20_01;eulenburg;veranlasst – hoffe – paar worten prozess eulenburg zurueckzukommen vorigen jahre cause celebres
Protocol_1910_01_20_01;eulenburg;stimulationsmittel verhandlungsfaehig verabreichen grunde prozess eulenburg erledigt deutsche volk zufrieden mahnung
Protocol_1910_01_20_01;eulenburg;vergiftung niederstehende kreise hinweis prozess eulenburg veranlassen wohlmeinend beschraenkung presseberichte zuzustimmen
Protocol_1910_01_31_01;widernat;konsequent lasst zustimmung parteien strafbestimmungen widernatuerliche verbrechen blutschande kuppelei streichen gesetz
Protocol_1910_01_31_02;175;erscheinen laesst vermoegensrechtlich weittragende paragraf 175 strafgesetzbuchs gefehlt geltend gouverneur anwendung
Protocol_1911_02_21_01;eulenburg;erregung schoenebeck tiefgehend prozesse wrede eulenburg vorlegen armen moeglich allenstein eulenburgprozess
Protocol_1911_02_21_01;eulenburg;ausgesprochenen absicht paar worten prozess eulenburg zurueckkommen angedeutet erfolgreiche durchfuehrung prozesses
Protocol_1911_02_21_02;eulenburg;meine eulenburg abgeordneter belzer erwaehnte vorigen jahre
Protocol_1911_02_21_02;eulenburg;gebe erinnern oeffentlicher verhandlung fuerst eulenburg zusammengebrochen gegenwart geschworenen richter geschworenen
Protocol_1911_02_21_03;eulenburg;kreise bekannten umgebung kaisers fuerst eulenburg gehoerte beleidigt disziplinarisch amtes enthoben
Protocol_1911_02_21_03;175;landrat schwerer sittlicher verfehlungen paragraf 175 strafgesetzbuches schuldig (hoert hoert links
Protocol_1911_02_22_01;eulenburg;sodann eulenburg verschiedenen rednern beruehrt wiederholt bedauerlichen
Protocol_1911_02_22_01;eulenburg;preussischen justizminister bekommen untersuchung fuersten eulenburg medizinalrat stoermer stattgefunden fuerst eulenburg
Protocol_1911_02_22_02;widernat;3 monate urkundenfaelschung 5 wochen widernatuerliche unzucht 6 wochen raub 4
Protocol_1911_02_22_03;175;schlummern geisteskrankheit 1899 osterroth vergehens z175 strafgesetzbuchs begangen diener schmidt schuldig
Protocol_1911_02_22_03;175;osterroth last fallenden vergehens paragraf 175 strafgesetzbuchs strafrechtlich ueberhaupt verantwortung gezogen
Protocol_1911_02_24_01;eulenburg;wenn fuerst eulenburg jaenicke gestiegen gezwungen abschied (heiterkeit
Protocol_1911_02_24_01;harden;bezweifle angelegenheit motives zurredestellung jaenicke harden persoenlich gewiss sympathien hege (hoert
Protocol_1911_02_24_01;moltke;mitte rechts) seinerzeit forderung grafen moltke satisfaktionsfaehig motivierung geradezu kindlich unwuerdig
Protocol_1911_02_28_01;harden;konstatierung sitzung 24 1911 falles hardenjaenccke ausgefuehrt angelegenheit motivierung zurredestellung jaenecke
Protocol_1911_02_28_01;harden;harden seinerzeit forderung grafen moltke satisfaktionsfaehig
Protocol_1911_02_28_01;moltke;jaenecke harden seinerzeit forderung grafen moltke satisfaktionsfaehig glaube motivierung kindlich unwuerdig
Protocol_1912_05_10_01;eulenburg;ich wolff metternich hammerstein eulenburg nennen die verschwistert verschwaegert bunten
Protocol_1912_05_18_01;eulenburg;bekommen ehemalige botschafter fuerst philipp eulenburg – bekanntlich richterspruchs harrt – verstrickt hoefische
Protocol_1913_02_08_01;eulenburg;betrifft brauche bild vervollstaendigen unerledigten eulenburg verweisen glaube gegenstand eroerterungen hause
Protocol_1913_02_08_01;eulenburg;richtig sozialdemokraten) mitgeteilt krankheitszustand fuersten eulenburg hindert amtsvorsteher (hoert hoert) interesse
Protocol_1913_02_08_02;eulenburg;oairss eaeoedrs vorredner befasst prozetz eulenburg frueheren jahren beruehrt vorgenommen ausgesprochen
Protocol_1913_02_08_02;eulenburg;gelassen richte nochmals anfrage prozesses eulenburg staatssekretaer blaettern mitgeteilt hauptbclastungszeuge trost
Protocol_1913_02_08_02;eulenburg;glaube wohnt bayern – skandal fuerst eulenburg gesund hauptbelastungszeugen tot freisprechung erfolgen
Protocol_1913_02_08_02;eulenburg;deutschen rechtsleben truebe bilder prozess eulenburg zukunft erspart gemeinsamen streben gelingen
Protocol_1913_02_08_03;eulenburg;herr beizer verfahren fuersten eulenburg gerichtet uebereinstimmung abgeordneter cohn mitgeteilt
Protocol_1913_02_08_03;eulenburg;dezember vorigen untersuchung fuersten eulenburg verhandlungsfaehigkeit haftfaehigkeit stattgefunden aerztliche untersuchung
Protocol_1913_02_08_03;eulenburg;ergeben fuerst eulenburg verhandlungsfaehig haftfaehig (zurufe zentrum natuerlich
Protocol_1913_02_08_03;eulenburg;gegenwart geschworenen saemtlicher richter fuerst eulenburg verhandlung zusammengebrochen geschworenen hoechst eigentuemlich
Protocol_1913_02_08_03;eulenburg;gericht geschehen verhandelt vorhanden fuerst eulenburg verhandlungsfaehig fuerst eulenburg amtsvorsteher ltebenberg
Protocol_1913_02_11_01;sexu;epileptoiden konstitution lebens bereits anomalie sexuellen triebrichtung einhergehe denke freisprechende urteil
Protocol_1913_02_13_01;eulenburg;es rahmen besprechung klassenjustiz hingewiesen eulenburg persoenlich bemerkung freunde standpunkte persoenlich
Protocol_1913_02_13_01;eulenburg;wert verfahren eulenburg durchgefuehrt schwer bestraft zusammengebrochen glaenzenden
Protocol_1913_02_13_01;eulenburg;schwachen erwaegungen weiss behandlung falles eulenburg draussen volke wirkt glaube besteht
Protocol_1913_02_13_01;eulenburg;staat schnell schiessen kanonen falle eulenburg staatsautoritaet grunde gerichtet vertrauen justiz
Protocol_1913_04_03_01;eulenburg;rechts anstalt befinden genau fuerst eulenburg sanatorium begibt bezweifle sehr arendt
Protocol_1913_04_03_01;eulenburg;fuerst eulenburg sanatorium zurueckweisung aufnahme waehlerliste genau
Protocol_1913_04_03_01;eulenburg;solle beweis wahlberechtigung asylisten eulenburg einholen glaube dingen gewalt antun
Protocol_1913_04_19_01;eulenburg;person eingeschritten (zuruf sozialdemokraten graf eulenburg) (glocke praesidenten
Protocol_1913_06_18_01;eulenburg;in kolonialkriege – (zuruf sozialdemokraten graf eulenburg) – unangenehm weiss – kriegerdenkmaelern (zurufe unruhe
Protocol_1914_01_30_01;sexu;unausgesetzt herausgebruellten lockruf ertoenen liessen homosexuellen skandale schoeneberg wirkt attacke anstandsgefuehl
Protocol_1914_02_16_01;sexu;strassenverkauf lebt kaeufer tollsten bringt sexuellen einschlag enthuellungen hochgestellte personen bringt
Protocol_1914_02_16_01;sexu;gefaengnis verurteilt neulich – glaube – verhaftet homosexueller sadist werke kriminalistischen schriftstellers vorgefunden
Protocol_1914_02_17_01;eulenburg;berechtigt verschleppung prozesses beklagen fuerst eulenburg (sehr gut heiterkeit) kollege beizer
Protocol_1914_05_14_01;sexu;fisch maennlich weiblich politik jahrbuch sexuelle zwischenstufen behandelt
