id;noun;count
Protocol_1897_04_05_01;prinzipal;4
Protocol_1897_04_05_01;lebenswandel;3
Protocol_1897_04_05_01;verdacht;2
Protocol_1897_04_05_01;menschen;2
Protocol_1897_04_05_01;familie;1
Protocol_1897_04_05_01;familienverkehr;1
Protocol_1897_04_05_01;lebenswandels;1
Protocol_1897_04_05_01;mensch;1
Protocol_1897_04_05_01;lastern;1
Protocol_1897_04_05_01;reputation;1
Protocol_1898_01_13_01;polizei;4
Protocol_1898_01_13_01;paragraf;3
Protocol_1898_01_13_01;bestimmung;3
Protocol_1898_01_13_01;verbrechen;3
Protocol_1898_01_13_01;personen;3
Protocol_1898_01_13_01;skandal;3
Protocol_1898_01_13_01;eingang;2
Protocol_1898_01_13_01;schuldigkeit;2
Protocol_1898_01_13_01;gebiete;2
Protocol_1898_01_13_01;strafgesetz;2
Protocol_1898_01_19_01;verbrechen;4
Protocol_1898_01_19_01;bebel;3
Protocol_1898_01_19_01;polizei;2
Protocol_1898_01_19_01;praxis;2
Protocol_1898_01_19_01;petition;2
Protocol_1898_01_19_01;lastern;2
Protocol_1898_01_19_01;abgeordnete;1
Protocol_1898_01_19_01;strafgesetzbuchs;1
Protocol_1898_01_19_01;unzucht;1
Protocol_1898_01_19_01;registriren;1
Protocol_1899_03_09_01;petitionen;2
Protocol_1899_03_09_01;paragraf;2
Protocol_1899_03_09_01;personen;2
Protocol_1899_03_09_01;veranlagung;2
Protocol_1899_03_09_01;paragrafen;2
Protocol_1899_03_09_01;jahren;1
Protocol_1899_03_09_01;zwischenraeumen;1
Protocol_1899_03_09_01;geschlechts;1
Protocol_1899_03_09_01;gruende;1
Protocol_1899_03_09_01;vergehungen;1
Protocol_1899_03_09_02;vorlage;5
Protocol_1899_03_09_02;wende;2
Protocol_1899_03_09_02;zusammenhanges;2
Protocol_1899_03_09_02;paragraphparagraph;2
Protocol_1899_03_09_02;vorredner;1
Protocol_1899_03_09_02;bemerkung;1
Protocol_1899_03_09_02;ausdruck;1
Protocol_1899_03_09_02;strafe;1
Protocol_1899_03_09_02;laesst;1
Protocol_1899_03_09_02;standpunkt;1
Protocol_1901_02_21_01;kommission;6
Protocol_1901_02_21_01;tagesordnung;5
Protocol_1901_02_21_01;eroerterung;4
Protocol_1901_02_21_01;petitionskommission;3
Protocol_1901_02_21_01;petition;3
Protocol_1901_02_21_01;mitgliedern;3
Protocol_1901_02_21_01;sitzung;3
Protocol_1901_02_21_01;antrage;2
Protocol_1901_02_21_01;reichstag;2
Protocol_1901_02_21_01;nr;2
Protocol_1903_01_21_01;welt;1
Protocol_1903_01_21_01;juden;1
Protocol_1903_01_21_01;genossen;1
Protocol_1903_01_21_01;grundstuecke;1
Protocol_1903_01_21_01;bellevuestrasse;1
Protocol_1903_01_21_01;recht;1
Protocol_1903_01_21_01;unterhaendler;1
Protocol_1903_01_21_01;provisionen;1
Protocol_1903_01_21_01;terrain;1
Protocol_1903_01_21_01;tempelhofer;1
Protocol_1904_06_11_01;gegenstand;1
Protocol_1904_06_11_01;aenderung;1
Protocol_1904_06_11_01;paragraf;1
Protocol_1904_06_11_01;strafgesetzbuchs;1
Protocol_1904_06_11_01;nr;1
Protocol_1904_06_11_01;abgeordnete;1
Protocol_1904_06_11_01;kommission;1
Protocol_1904_06_11_01;uebergang;1
Protocol_1904_06_11_01;tagesordnung;1
Protocol_1904_06_11_01;geschaeftsordnung;1
Protocol_1904_06_11_02;beantrage;1
Protocol_1904_06_11_02;punkt;1
Protocol_1904_06_11_02;tagesordnung;1
Protocol_1904_06_11_03;widerspruch;1
Protocol_1904_06_11_03;nehme;1
Protocol_1904_06_11_03;reichstag;1
Protocol_1905_03_30_01;weibern;2
Protocol_1905_03_30_01;amtsanwalt;2
Protocol_1905_03_30_01;misstrauen;1
Protocol_1905_03_30_01;privatklaeger;1
Protocol_1905_03_30_01;erfahrungen;1
Protocol_1905_03_30_01;mietern;1
Protocol_1905_03_30_01;schluss;1
Protocol_1905_03_30_01;veranlagung;1
Protocol_1905_03_30_01;verwundern;1
Protocol_1905_03_30_01;besuchen;1
Protocol_1905_03_31_01;handlungen;27
Protocol_1905_03_31_01;petition;19
Protocol_1905_03_31_01;personen;17
Protocol_1905_03_31_01;jahren;15
Protocol_1905_03_31_01;menschen;12
Protocol_1905_03_31_01;prozent;12
Protocol_1905_03_31_01;paragraf;10
Protocol_1905_03_31_01;kommission;9
Protocol_1905_03_31_01;komitee;9
Protocol_1905_03_31_01;jahre;9
Protocol_1905_03_31_02;thiele;15
Protocol_1905_03_31_02;wissenschaft;10
Protocol_1905_03_31_02;petition;9
Protocol_1905_03_31_02;anschauung;8
Protocol_1905_03_31_02;geschichte;6
Protocol_1905_03_31_02;komitee;6
Protocol_1905_03_31_02;erscheinung;6
Protocol_1905_03_31_02;ulrichs;6
Protocol_1905_03_31_02;schriften;6
Protocol_1905_03_31_02;menschen;6
Protocol_1905_03_31_03;welt;4
Protocol_1905_03_31_03;thiele;2
Protocol_1905_03_31_03;reichstag;2
Protocol_1905_03_31_03;verdaechtigungen;2
Protocol_1905_03_31_03;familie;2
Protocol_1905_03_31_03;prozess;2
Protocol_1905_03_31_03;herr;1
Protocol_1905_03_31_03;abgeordnete;1
Protocol_1905_03_31_03;jahren;1
Protocol_1905_03_31_03;faellen;1
Protocol_1905_03_31_04;neigungen;5
Protocol_1905_03_31_04;agitation;5
Protocol_1905_03_31_04;petition;4
Protocol_1905_03_31_04;petenten;4
Protocol_1905_03_31_04;paragraf;3
Protocol_1905_03_31_04;faelle;2
Protocol_1905_03_31_04;mehrzahl;2
Protocol_1905_03_31_04;grade;2
Protocol_1905_03_31_04;bekaempfung;2
Protocol_1905_03_31_04;laesst;1
Protocol_1905_03_31_05;petition;5
Protocol_1905_03_31_05;arzte;4
Protocol_1905_03_31_05;laster;4
Protocol_1905_03_31_05;schaedigung;4
Protocol_1905_03_31_05;weise;3
Protocol_1905_03_31_05;mut;3
Protocol_1905_03_31_05;kollege;3
Protocol_1905_03_31_05;veranlagung;3
Protocol_1905_03_31_05;hause;2
Protocol_1905_03_31_05;hut;2
Protocol_1905_03_31_06;sozialdemokratie;2
Protocol_1905_03_31_06;petition;2
Protocol_1905_03_31_06;kollege;2
Protocol_1905_03_31_06;herren;1
Protocol_1905_03_31_06;absicht;1
Protocol_1905_03_31_06;zeitpunkt;1
Protocol_1905_03_31_06;behandeln;1
Protocol_1905_03_31_06;stimmung;1
Protocol_1905_03_31_06;ruhe;1
Protocol_1905_03_31_06;besprechen;1
Protocol_1905_03_31_07;kollege;19
Protocol_1905_03_31_07;kommission;7
Protocol_1905_03_31_07;kollegen;5
Protocol_1905_03_31_07;petition;5
Protocol_1905_03_31_07;bewegung;5
Protocol_1905_03_31_07;komitee;5
Protocol_1905_03_31_07;beweiskraft;4
Protocol_1905_03_31_07;beweis;3
Protocol_1905_03_31_07;unterschrift;3
Protocol_1905_03_31_07;weiss;3
Protocol_1905_03_31_08;bischof;7
Protocol_1905_03_31_08;meinung;4
Protocol_1905_03_31_08;inkonsequenz;4
Protocol_1905_03_31_08;mitte;4
Protocol_1905_03_31_08;aeusserung;4
Protocol_1905_03_31_08;veranlassung;3
Protocol_1905_03_31_08;paragraf;3
Protocol_1905_03_31_08;beseitigung;3
Protocol_1905_03_31_08;recht;3
Protocol_1905_03_31_08;sinn;3
Protocol_1905_03_31_09;partei;4
Protocol_1905_03_31_09;weiss;2
Protocol_1905_03_31_09;name;2
Protocol_1905_03_31_09;thiele;1
Protocol_1905_03_31_09;kollegen;1
Protocol_1905_03_31_09;worte;1
Protocol_1905_03_31_09;nachricht;1
Protocol_1905_03_31_09;aufenthalt;1
Protocol_1905_03_31_09;augenblick;1
Protocol_1905_03_31_09;parteien;1
Protocol_1905_03_31_10;volkszeitung;4
Protocol_1905_03_31_10;bischof;4
Protocol_1905_03_31_10;kollege;3
Protocol_1905_03_31_10;behauptungen;2
Protocol_1905_03_31_10;dienst;2
Protocol_1905_03_31_10;beseitigung;2
Protocol_1905_03_31_10;paragraf;2
Protocol_1905_03_31_10;widerlegung;1
Protocol_1905_03_31_10;beweiskraft;1
Protocol_1905_03_31_10;sinne;1
Protocol_1905_03_31_11;kommission;2
Protocol_1905_03_31_11;diskussion;1
Protocol_1905_03_31_11;worte;1
Protocol_1905_03_31_11;tagesordnung;1
Protocol_1905_03_31_11;petition;1
Protocol_1905_03_31_11;aufhebung;1
Protocol_1905_03_31_11;strafgesetzbuchs;1
Protocol_1905_03_31_11;mehrheit;1
Protocol_1905_05_12_01;menschen;4
Protocol_1905_05_12_01;schriften;2
Protocol_1905_05_12_01;seelen;2
Protocol_1905_05_12_01;jugend;2
Protocol_1905_05_12_01;kollegen;1
Protocol_1905_05_12_01;reiz;1
Protocol_1905_05_12_01;literatur;1
Protocol_1905_05_12_01;nuditaeten;1
Protocol_1905_05_12_01;unkeuschheit;1
Protocol_1905_05_12_01;sozialdemokraten;1
Protocol_1906_03_03_01;bilder;3
Protocol_1906_03_03_01;blaettern;2
Protocol_1906_03_03_01;frauen;1
Protocol_1906_03_03_01;pruefung;1
Protocol_1906_03_03_01;maennliche;1
Protocol_1906_03_03_01;menschen;1
Protocol_1906_03_03_01;tochter;1
Protocol_1906_03_03_01;blutschande;1
Protocol_1906_03_03_01;unzucht;1
Protocol_1906_03_03_01;toechtern;1
Protocol_1907_03_02_01;kanzler;3
Protocol_1907_03_02_01;mietskontrakt;1
Protocol_1907_03_02_01;gespensterfurcht;1
Protocol_1907_03_02_01;lucanus;1
Protocol_1907_03_02_01;wilhelmstrasse;1
Protocol_1907_03_02_01;philister;1
Protocol_1907_03_02_01;zuruf;1
Protocol_1907_03_02_01;sozialdemokraten;1
Protocol_1907_03_02_01;eulenburg;1
Protocol_1907_03_02_01;versicherung;1
Protocol_1907_11_28_01;spahn;5
Protocol_1907_11_28_01;vorwurf;5
Protocol_1907_11_28_01;armee;4
Protocol_1907_11_28_01;kaiser;4
Protocol_1907_11_28_01;reichskanzler;4
Protocol_1907_11_28_01;zeitung;4
Protocol_1907_11_28_01;kamarilla;4
Protocol_1907_11_28_01;mitte;4
Protocol_1907_11_28_01;volk;3
Protocol_1907_11_28_01;bravo;3
Protocol_1907_11_28_02;energie;2
Protocol_1907_11_28_02;anforderungen;2
Protocol_1907_11_28_02;verfehlungen;1
Protocol_1907_11_28_02;denke;1
Protocol_1907_11_28_02;kollege;1
Protocol_1907_11_28_02;erklaerung;1
Protocol_1907_11_28_02;fremdenblatt;1
Protocol_1907_11_28_02;praegnanz;1
Protocol_1907_11_28_02;form;1
Protocol_1907_11_28_02;zweifel;1
Protocol_1907_11_28_03;prozess;5
Protocol_1907_11_28_03;mitte;5
Protocol_1907_11_28_03;verkehr;5
Protocol_1907_11_28_03;soldaten;4
Protocol_1907_11_28_03;umgebung;3
Protocol_1907_11_28_03;kritik;3
Protocol_1907_11_28_03;kaiser;2
Protocol_1907_11_28_03;bezug;2
Protocol_1907_11_28_03;eindruck;2
Protocol_1907_11_28_03;nahrung;2
Protocol_1907_11_28_04;prozess;5
Protocol_1907_11_28_04;personen;5
Protocol_1907_11_28_04;handlungen;4
Protocol_1907_11_28_04;enthuellt;3
Protocol_1907_11_28_04;armee;3
Protocol_1907_11_28_04;stelle;3
Protocol_1907_11_28_04;regimenter;3
Protocol_1907_11_28_04;verfahren;3
Protocol_1907_11_28_04;staatsanwalt;3
Protocol_1907_11_28_04;professor;3
Protocol_1907_11_28_05;mitte;7
Protocol_1907_11_28_05;bemerkung;6
Protocol_1907_11_28_05;presse;6
Protocol_1907_11_28_05;zeitung;5
Protocol_1907_11_28_05;bezug;3
Protocol_1907_11_28_05;sozialdemokraten;2
Protocol_1907_11_28_05;behauptungen;2
Protocol_1907_11_28_05;auskunft;2
Protocol_1907_11_28_05;reichskanzler;2
Protocol_1907_11_28_05;waisenknabe;2
Protocol_1907_11_29_01;sozialdemokraten;104
Protocol_1907_11_29_01;millionen;30
Protocol_1907_11_29_01;jahren;27
Protocol_1907_11_29_01;hoert;26
Protocol_1907_11_29_01;mark;19
Protocol_1907_11_29_01;steuern;16
Protocol_1907_11_29_01;friedenskonferenz;16
Protocol_1907_11_29_01;heiterkeit;15
Protocol_1907_11_29_01;weise;15
Protocol_1907_11_29_01;arbeiter;14
Protocol_1907_11_29_02;grafen;19
Protocol_1907_11_29_02;prozess;10
Protocol_1907_11_29_02;armee;8
Protocol_1907_11_29_02;graf;8
Protocol_1907_11_29_02;pension;6
Protocol_1907_11_29_02;neigung;6
Protocol_1907_11_29_02;untersuchung;5
Protocol_1907_11_29_02;offiziere;5
Protocol_1907_11_29_02;umgebung;5
Protocol_1907_11_29_02;veranlassung;4
Protocol_1907_11_29_03;konferenz;13
Protocol_1907_11_29_03;bebel;12
Protocol_1907_11_29_03;heiterkeit;10
Protocol_1907_11_29_03;politik;8
Protocol_1907_11_29_03;abgeordnete;6
Protocol_1907_11_29_03;spahn;6
Protocol_1907_11_29_03;moechte;5
Protocol_1907_11_29_03;kamarilla;5
Protocol_1907_11_29_03;algecirasakte;5
Protocol_1907_11_29_03;verhaeltnisse;5
Protocol_1907_11_30_01;kriegsminister;5
Protocol_1907_11_30_01;grafen;5
Protocol_1907_11_30_01;erklaerung;3
Protocol_1907_11_30_01;verantwortung;3
Protocol_1907_11_30_01;verfehlungen;2
Protocol_1907_11_30_01;moltke;2
Protocol_1907_11_30_01;pension;2
Protocol_1907_11_30_01;graf;2
Protocol_1907_11_30_01;verfehlung;2
Protocol_1907_11_30_01;bedeutung;2
Protocol_1907_11_30_02;aufhebung;3
Protocol_1907_11_30_02;prozesse;3
Protocol_1907_11_30_02;moechte;2
Protocol_1907_11_30_02;paragraf;2
Protocol_1907_11_30_02;kolonie;2
Protocol_1907_11_30_02;schmutz;2
Protocol_1907_11_30_02;ausdruck;2
Protocol_1907_11_30_02;scheusslichkeiten;1
Protocol_1907_11_30_02;bebel;1
Protocol_1907_11_30_02;standpunkte;1
Protocol_1907_12_02_01;verhandlungen;3
Protocol_1907_12_02_01;form;2
Protocol_1907_12_02_01;bevoelkerung;2
Protocol_1907_12_02_01;teil;2
Protocol_1907_12_02_01;prozess;1
Protocol_1907_12_02_01;moechte;1
Protocol_1907_12_02_01;bassermann;1
Protocol_1907_12_02_01;eroeffnungen;1
Protocol_1907_12_02_01;punkt;1
Protocol_1907_12_02_01;zurueckzukommen;1
Protocol_1907_12_02_02;gedicht;3
Protocol_1907_12_02_02;moechte;2
Protocol_1907_12_02_02;presse;2
Protocol_1907_12_02_02;natur;2
Protocol_1907_12_02_02;staatsanwalt;2
Protocol_1907_12_02_02;instanz;2
Protocol_1907_12_02_02;literatur;2
Protocol_1907_12_02_02;fuerwahr;2
Protocol_1907_12_02_02;goch;1
Protocol_1907_12_02_02;hause;1
Protocol_1907_12_02_03;sozialdemokraten;6
Protocol_1907_12_02_03;reichskanzler;6
Protocol_1907_12_02_03;kamarilla;5
Protocol_1907_12_02_03;kamarillen;4
Protocol_1907_12_02_03;person;4
Protocol_1907_12_02_03;situation;3
Protocol_1907_12_02_03;politik;3
Protocol_1907_12_02_03;marokkopolitik;3
Protocol_1907_12_02_03;kollege;2
Protocol_1907_12_02_03;zukunft;2
Protocol_1907_12_03_01;preussen;2
Protocol_1907_12_03_01;herr;1
Protocol_1907_12_03_01;geschmack;1
Protocol_1907_12_03_01;richtung;1
Protocol_1907_12_03_01;beurteilung;1
Protocol_1907_12_03_01;publikums;1
Protocol_1907_12_03_01;volksblatt;1
Protocol_1907_12_03_01;vortrag;1
Protocol_1907_12_03_01;pastors;1
Protocol_1907_12_03_01;philipps;1
Protocol_1907_12_03_02;politik;4
Protocol_1907_12_03_02;ausland;3
Protocol_1907_12_03_02;gewaltpolitik;2
Protocol_1907_12_03_02;sicherheit;1
Protocol_1907_12_03_02;heer;1
Protocol_1907_12_03_02;finanzen;1
Protocol_1907_12_03_02;friede;1
Protocol_1907_12_03_02;dingen;1
Protocol_1907_12_03_02;vogelstrausspolitik;1
Protocol_1907_12_03_02;welt;1
Protocol_1907_12_03_03;grafen;6
Protocol_1907_12_03_03;kriegsminister;5
Protocol_1907_12_03_03;prozess;3
Protocol_1907_12_03_03;verfahren;3
Protocol_1907_12_03_03;armee;3
Protocol_1907_12_03_03;zeuge;3
Protocol_1907_12_03_03;briefe;3
Protocol_1907_12_03_03;bravo;3
Protocol_1907_12_03_03;kriegsministers;2
Protocol_1907_12_03_03;veranlassung;2
Protocol_1907_12_03_04;prozess;3
Protocol_1907_12_03_04;antwort;3
Protocol_1907_12_03_04;sozialdemokratie;3
Protocol_1907_12_03_04;material;2
Protocol_1907_12_03_04;widerspruch;2
Protocol_1907_12_03_04;kriegsministers;2
Protocol_1907_12_03_04;moeglichkeit;2
Protocol_1907_12_03_04;interesse;2
Protocol_1907_12_03_04;zustimmung;2
Protocol_1907_12_03_04;vorwuerfe;2
Protocol_1907_12_03_05;staatsanwalt;2
Protocol_1907_12_03_05;gericht;2
Protocol_1907_12_03_05;empfinden;2
Protocol_1907_12_03_05;widerspruch;2
Protocol_1907_12_03_05;liebknecht;2
Protocol_1907_12_03_05;aeusserungen;1
Protocol_1907_12_03_05;autoritaeten;1
Protocol_1907_12_03_05;verfahren;1
Protocol_1907_12_03_05;kassation;1
Protocol_1907_12_03_05;instanz;1
Protocol_1907_12_03_06;hinzufuegen;1
Protocol_1907_12_03_06;schluss;1
Protocol_1907_12_03_06;sitzung;1
Protocol_1907_12_03_06;kriegsminister;1
Protocol_1907_12_03_06;falle;1
Protocol_1907_12_03_06;harden;1
Protocol_1907_12_03_06;exzellenz;1
Protocol_1907_12_03_06;zurueckkommen;1
Protocol_1907_12_03_06;anstand;1
Protocol_1907_12_03_06;verbitte;1
Protocol_1907_12_04_01;grafen;13
Protocol_1907_12_04_01;briefe;7
Protocol_1907_12_04_01;jahre;4
Protocol_1907_12_04_01;paasche;4
Protocol_1907_12_04_01;antwort;4
Protocol_1907_12_04_01;graf;3
Protocol_1907_12_04_01;gericht;3
Protocol_1907_12_04_01;armee;3
Protocol_1907_12_04_01;adlervilla;3
Protocol_1907_12_04_01;mitteilungen;2
Protocol_1907_12_11_01;versammlung;10
Protocol_1907_12_11_01;bestimmung;6
Protocol_1907_12_11_01;aufloesung;5
Protocol_1907_12_11_01;aufgeloest;4
Protocol_1907_12_11_01;verordnung;4
Protocol_1907_12_11_01;mueller;3
Protocol_1907_12_11_01;bordelle;3
Protocol_1907_12_11_01;polizeibeamten;3
Protocol_1907_12_11_01;vortrag;2
Protocol_1907_12_11_01;polizei;2
Protocol_1908_01_23_01;kollegen;2
Protocol_1908_01_23_01;prozess;1
Protocol_1908_01_23_01;lesung;1
Protocol_1908_01_23_01;ansicht;1
Protocol_1908_01_23_01;staatssekretaers;1
Protocol_1908_01_23_01;prozesse;1
Protocol_1908_01_23_01;eroerterungen;1
Protocol_1908_01_23_01;standpunkt;1
Protocol_1908_01_23_01;justizminister;1
Protocol_1908_01_23_01;verhandlung;1
Protocol_1908_02_01_01;kommission;2
Protocol_1908_02_01_01;ueberweisung;1
Protocol_1908_02_01_01;erwaegung;1
Protocol_1908_02_01_01;reichstag;1
Protocol_1908_02_01_01;antrage;1
Protocol_1908_02_01_01;abaenderung;1
Protocol_1908_02_01_01;bezw;1
Protocol_1908_02_01_01;aufhebung;1
Protocol_1908_02_01_01;strafgesetzbuchs;1
Protocol_1908_02_01_01;nr;1
Protocol_1908_02_01_02;petition;1
Protocol_1908_02_01_03;strafgesetzbuchs;4
Protocol_1908_02_01_03;abaenderung;3
Protocol_1908_02_01_03;bezw;2
Protocol_1908_02_01_03;aufhebung;2
Protocol_1908_02_01_03;reichstag;2
Protocol_1908_02_01_03;petition;1
Protocol_1908_02_01_03;petitionskommission;1
Protocol_1908_02_01_03;petitionen;1
Protocol_1908_02_01_03;tagesordnung;1
Protocol_1908_02_01_03;schriftfuehrer;1
Protocol_1908_02_01_04;zweifel;1
Protocol_1908_02_01_04;hauses;1
Protocol_1908_02_01_04;abstimmung;1
Protocol_1908_02_01_04;absetzung;1
Protocol_1908_02_01_04;petition;1
Protocol_1908_02_01_04;tagesordnung;1
Protocol_1908_02_01_04;widerspruch;1
Protocol_1908_02_01_05;praesident;1
Protocol_1908_02_01_05;petition;1
Protocol_1908_02_01_05;abgeordnete;1
Protocol_1908_02_01_05;vorschlage;1
Protocol_1908_02_01_05;praesidenten;1
Protocol_1908_02_01_05;zweifel;1
Protocol_1908_02_01_05;hauses;1
Protocol_1908_02_03_01;kriegsminister;3
Protocol_1908_02_03_01;militaerverwaltung;3
Protocol_1908_02_03_01;militaerstrafjustiz;3
Protocol_1908_02_03_01;paragraf;2
Protocol_1908_02_03_01;soldaten;2
Protocol_1908_02_03_01;grafen;2
Protocol_1908_02_03_01;mitteilung;2
Protocol_1908_02_03_01;presse;2
Protocol_1908_02_03_01;geisteszustand;2
Protocol_1908_02_03_01;allenstein;2
Protocol_1908_02_05_01;dreck;2
Protocol_1908_02_05_01;recht;2
Protocol_1908_02_05_01;verstaendnis;1
Protocol_1908_02_05_01;vorkommnis;1
Protocol_1908_02_05_01;prozess;1
Protocol_1908_02_05_01;rolle;1
Protocol_1908_02_05_01;graf;1
Protocol_1908_02_05_01;sozialdemokraten;1
Protocol_1908_02_05_01;ausdruck;1
Protocol_1908_02_05_01;bedeutung;1
Protocol_1908_02_05_02;militaerverwaltung;3
Protocol_1908_02_05_02;erregung;3
Protocol_1908_02_05_02;sympathie;2
Protocol_1908_02_05_02;vertreter;2
Protocol_1908_02_05_02;kriegsministers;1
Protocol_1908_02_05_02;besserung;1
Protocol_1908_02_05_02;moltke;1
Protocol_1908_02_05_02;widerspruch;1
Protocol_1908_02_05_02;selbstaufopferung;1
Protocol_1908_02_05_02;eindruck;1
Protocol_1908_02_06_01;jahre;3
Protocol_1908_02_06_01;mark;3
Protocol_1908_02_06_01;reichstag;3
Protocol_1908_02_06_01;krieg;2
Protocol_1908_02_06_01;frieden;2
Protocol_1908_02_06_01;armee;2
Protocol_1908_02_06_01;verhaeltnis;2
Protocol_1908_02_06_01;aggregiertenetat;2
Protocol_1908_02_06_01;generalfeldmarschall;2
Protocol_1908_02_06_01;armeeinspektion;2
Protocol_1908_02_06_02;kriegsgericht;1
Protocol_1908_02_06_02;neisse;1
Protocol_1908_02_06_02;reservisten;1
Protocol_1908_02_06_02;aufruhr;1
Protocol_1908_02_06_02;jahren;1
Protocol_1908_02_06_02;gefaengnis;1
Protocol_1908_02_06_02;urteil;1
Protocol_1908_02_06_02;unteroffizier;1
Protocol_1908_02_06_02;offizier;1
Protocol_1908_02_06_02;offiziere;1
Protocol_1908_02_18_01;oeffentlichkeit;8
Protocol_1908_02_18_01;schutz;4
Protocol_1908_02_18_01;polizeipraesidium;4
Protocol_1908_02_18_01;anklage;3
Protocol_1908_02_18_01;interesse;3
Protocol_1908_02_18_01;ansicht;2
Protocol_1908_02_18_01;klage;2
Protocol_1908_02_18_01;beleidigung;2
Protocol_1908_02_18_01;verhandlung;2
Protocol_1908_02_18_01;reichstage;2
Protocol_1908_02_18_02;prozess;3
Protocol_1908_02_18_02;persoenlichkeiten;2
Protocol_1908_02_18_02;lob;2
Protocol_1908_02_18_02;justizbehoerde;2
Protocol_1908_02_18_02;beispiel;1
Protocol_1908_02_18_02;bedeutung;1
Protocol_1908_02_18_02;vorfuehren;1
Protocol_1908_02_18_02;oberstaatsanwalts;1
Protocol_1908_02_18_02;nuechtern;1
Protocol_1908_02_18_02;kern;1
Protocol_1908_02_19_01;richter;4
Protocol_1908_02_19_01;presse;2
Protocol_1908_02_19_01;stellungnahme;2
Protocol_1908_02_19_01;beamten;2
Protocol_1908_02_19_01;schulung;1
Protocol_1908_02_19_01;justiz;1
Protocol_1908_02_19_01;verwaltungspraxis;1
Protocol_1908_02_19_01;rolle;1
Protocol_1908_02_19_01;beamtenwelt;1
Protocol_1908_02_19_01;abendzeitung;1
Protocol_1908_02_19_02;verhandlungen;3
Protocol_1908_02_19_02;anschluss;2
Protocol_1908_02_19_02;gebiete;2
Protocol_1908_02_19_02;kunst;2
Protocol_1908_02_19_02;literatur;2
Protocol_1908_02_19_02;zuziehung;2
Protocol_1908_02_19_02;justizetat;1
Protocol_1908_02_19_02;diskussion;1
Protocol_1908_02_19_02;presse;1
Protocol_1908_02_19_02;folgeerscheinung;1
Protocol_1908_02_20_01;interesse;7
Protocol_1908_02_20_01;oeffentlichkeit;7
Protocol_1908_02_20_01;staatsanwaltschaft;6
Protocol_1908_02_20_01;volk;6
Protocol_1908_02_20_01;sittlichkeit;4
Protocol_1908_02_20_01;anweisung;3
Protocol_1908_02_20_01;prozessen;2
Protocol_1908_02_20_01;erachtens;2
Protocol_1908_02_20_01;prinzip;2
Protocol_1908_02_20_01;verhandlung;2
Protocol_1908_02_20_02;kritik;2
Protocol_1908_02_20_02;saetze;2
Protocol_1908_02_20_02;worte;1
Protocol_1908_02_20_02;prozess;1
Protocol_1908_02_20_02;moltkeharden;1
Protocol_1908_02_20_02;moechte;1
Protocol_1908_02_20_02;hervorheben;1
Protocol_1908_02_20_02;verfahren;1
Protocol_1908_02_20_02;schoeffengericht;1
Protocol_1908_02_20_02;presse;1
Protocol_1908_02_20_03;bassermann;3
Protocol_1908_02_20_03;staatsanwaltschaft;2
Protocol_1908_02_20_03;anklage;2
Protocol_1908_02_20_03;verhandlung;2
Protocol_1908_02_20_03;moechte;1
Protocol_1908_02_20_03;moltkehardenprozess;1
Protocol_1908_02_20_03;abgeordnete;1
Protocol_1908_02_20_03;heinze;1
Protocol_1908_02_20_03;verdacht;1
Protocol_1908_02_20_03;freundschaft;1
Protocol_1908_02_20_04;prozess;3
Protocol_1908_02_20_04;prozesses;2
Protocol_1908_02_20_04;oeffentlichkeit;2
Protocol_1908_02_20_04;linie;1
Protocol_1908_02_20_04;beschwerden;1
Protocol_1908_02_20_04;erfahrungen;1
Protocol_1908_02_20_04;rechtskraft;1
Protocol_1908_02_20_04;eroerterung;1
Protocol_1908_02_20_04;draengt;1
Protocol_1908_02_20_04;masse;1
Protocol_1908_02_20_05;oeffentlichkeit;9
Protocol_1908_02_20_05;staatsanwaltschaft;6
Protocol_1908_02_20_05;prinzip;3
Protocol_1908_02_20_05;begriff;2
Protocol_1908_02_20_05;interesses;2
Protocol_1908_02_20_05;gebiete;2
Protocol_1908_02_20_05;verfahren;2
Protocol_1908_02_20_05;beleidigung;2
Protocol_1908_02_20_05;gesetzgebung;2
Protocol_1908_02_20_05;verfahrens;2
Protocol_1908_02_21_01;behandlung;2
Protocol_1908_02_21_01;prozesses;2
Protocol_1908_02_21_01;auge;2
Protocol_1908_02_21_01;erachtens;1
Protocol_1908_02_21_01;vergroesserung;1
Protocol_1908_02_21_01;staatsanwaltschaft;1
Protocol_1908_02_21_01;anlass;1
Protocol_1908_02_21_01;merkwuerdigerweise;1
Protocol_1908_02_21_01;jsenbiel;1
Protocol_1908_02_21_01;freund;1
Protocol_1908_02_21_02;richter;2
Protocol_1908_02_21_02;versetzung;2
Protocol_1908_02_21_02;misstrauen;1
Protocol_1908_02_21_02;prozesse;1
Protocol_1908_02_21_02;redner;1
Protocol_1908_02_21_02;eindruck;1
Protocol_1908_02_21_02;vorsitzenden;1
Protocol_1908_02_21_02;rueckgrat;1
Protocol_1908_02_21_02;vertretung;1
Protocol_1908_02_21_02;verwaltung;1
Protocol_1908_02_25_01;interesse;6
Protocol_1908_02_25_01;anfang;2
Protocol_1908_02_25_01;praxis;2
Protocol_1908_02_25_01;beleidigung;2
Protocol_1908_02_25_01;prozess;1
Protocol_1908_02_25_01;verfahren;1
Protocol_1908_02_25_01;staatsanwaltschaft;1
Protocol_1908_02_25_01;freisprechung;1
Protocol_1908_02_25_01;eindruck;1
Protocol_1908_02_25_01;verworrenheit;1
Protocol_1908_03_17_01;rassenprinzip;2
Protocol_1908_03_17_01;rechte;1
Protocol_1908_03_17_01;saesse;1
Protocol_1908_03_17_01;bevoelkerung;1
Protocol_1908_03_17_01;begriffe;1
Protocol_1908_03_17_01;teil;1
Protocol_1908_03_17_01;gunsten;1
Protocol_1908_03_17_01;schwarzen;1
Protocol_1908_03_17_01;freunde;1
Protocol_1908_03_17_01;europaeer;1
Protocol_1908_12_05_01;eulenburg;7
Protocol_1908_12_05_01;sozialdemokraten;4
Protocol_1908_12_05_01;gericht;3
Protocol_1908_12_05_01;fuerst;3
Protocol_1908_12_05_01;jahre;2
Protocol_1908_12_05_01;freund;2
Protocol_1908_12_05_01;kaiser;2
Protocol_1908_12_05_01;verfahren;2
Protocol_1908_12_05_01;menschen;2
Protocol_1908_12_05_01;weise;2
Protocol_1908_12_11_01;mitte;8
Protocol_1908_12_11_01;eulenburg;5
Protocol_1908_12_11_01;amt;4
Protocol_1908_12_11_01;auswaertigen;3
Protocol_1908_12_11_01;botschafter;3
Protocol_1908_12_11_01;klerikalismus;3
Protocol_1908_12_11_01;fuerst;2
Protocol_1908_12_11_01;klassenjustiz;2
Protocol_1908_12_11_01;behandlung;2
Protocol_1908_12_11_01;gericht;2
Protocol_1908_12_11_02;erzberger;3
Protocol_1908_12_11_02;interessen;2
Protocol_1908_12_11_02;abgeordnete;1
Protocol_1908_12_11_02;eulenburg;1
Protocol_1908_12_11_02;vertretungen;1
Protocol_1908_12_11_02;sinne;1
Protocol_1908_12_11_02;instruktionen;1
Protocol_1908_12_11_02;vertreter;1
Protocol_1908_12_11_02;akten;1
Protocol_1908_12_11_03;ahlhorn;3
Protocol_1908_12_11_03;eulenburg;2
Protocol_1908_12_11_03;behauptung;2
Protocol_1908_12_11_03;verhaeltnis;2
Protocol_1908_12_11_03;satz;2
Protocol_1908_12_11_03;hinzuzufuegen;1
Protocol_1908_12_11_03;zugehoert;1
Protocol_1908_12_11_03;staatssekretaer;1
Protocol_1908_12_11_03;botschaftern;1
Protocol_1908_12_11_03;fuerst;1
Protocol_1909_01_18_01;mitte;3
Protocol_1909_01_18_01;reform;2
Protocol_1909_01_18_01;novelle;2
Protocol_1909_01_18_01;gesetzgebung;2
Protocol_1909_01_18_01;sittlichkeit;2
Protocol_1909_01_18_01;prozess;2
Protocol_1909_01_18_01;schichten;2
Protocol_1909_01_18_01;reichstag;1
Protocol_1909_01_18_01;mehrheit;1
Protocol_1909_01_18_01;rechnung;1
Protocol_1909_01_18_02;prozess;2
Protocol_1909_01_18_02;gesetz;2
Protocol_1909_01_18_02;prozesse;2
Protocol_1909_01_18_02;strafprozessordnung;1
Protocol_1909_01_18_02;punkt;1
Protocol_1909_01_18_02;redner;1
Protocol_1909_01_18_02;ausfuehrungen;1
Protocol_1909_01_18_02;fuersten;1
Protocol_1909_01_18_02;eulenburg;1
Protocol_1909_01_18_02;erwartung;1
Protocol_1909_01_18_03;eulenburg;2
Protocol_1909_01_18_03;aufklaerung;2
Protocol_1909_01_18_03;reichstag;2
Protocol_1909_01_18_03;erfuellung;2
Protocol_1909_01_18_03;gegenstand;1
Protocol_1909_01_18_03;presse;1
Protocol_1909_01_18_03;notiz;1
Protocol_1909_01_18_03;fuersten;1
Protocol_1909_01_18_03;justiz;1
Protocol_1909_01_18_03;energie;1
Protocol_1909_01_18_04;eulenburg;16
Protocol_1909_01_18_04;sozialdemokraten;15
Protocol_1909_01_18_04;ehre;14
Protocol_1909_01_18_04;interesse;13
Protocol_1909_01_18_04;prozess;11
Protocol_1909_01_18_04;jahre;9
Protocol_1909_01_18_04;beleidigung;9
Protocol_1909_01_18_04;begriff;8
Protocol_1909_01_18_04;richter;8
Protocol_1909_01_18_04;novelle;8
Protocol_1909_01_18_05;eulenburg;2
Protocol_1909_01_18_05;weise;2
Protocol_1909_01_18_05;angeklagten;2
Protocol_1909_01_18_05;moechte;1
Protocol_1909_01_18_05;kritik;1
Protocol_1909_01_18_05;kollegen;1
Protocol_1909_01_18_05;ueberzeugung;1
Protocol_1909_01_18_05;glimpflicheren;1
Protocol_1909_01_18_05;gerichtssaal;1
Protocol_1909_01_18_05;adels;1
Protocol_1909_01_18_06;eulenburg;3
Protocol_1909_01_18_06;justiz;2
Protocol_1909_01_18_06;aenderung;2
Protocol_1909_01_18_06;strafprozessordnung;2
Protocol_1909_01_18_06;versage;1
Protocol_1909_01_18_06;versuchung;1
Protocol_1909_01_18_06;eroerterungen;1
Protocol_1909_01_18_06;stunde;1
Protocol_1909_01_18_06;zeitungsmeldung;1
Protocol_1909_01_18_06;besserung;1
Protocol_1909_01_19_01;staatsanwaltschaft;3
Protocol_1909_01_19_01;eulenburg;2
Protocol_1909_01_19_01;prozess;2
Protocol_1909_01_19_01;laesst;2
Protocol_1909_01_19_01;kirche;2
Protocol_1909_01_19_01;auftreten;1
Protocol_1909_01_19_01;satz;1
Protocol_1909_01_19_01;zulassung;1
Protocol_1909_01_19_01;beweisfuehrung;1
Protocol_1909_01_19_01;ausdauer;1
Protocol_1909_01_19_02;gesetze;3
Protocol_1909_01_19_02;prozess;2
Protocol_1909_01_19_02;staatssekretaer;2
Protocol_1909_01_19_02;bedeutung;2
Protocol_1909_01_19_02;punkte;1
Protocol_1909_01_19_02;vordergrund;1
Protocol_1909_01_19_02;debatte;1
Protocol_1909_01_19_02;abwarten;1
Protocol_1909_01_19_02;recht;1
Protocol_1909_01_19_02;duerfe;1
Protocol_1909_01_19_03;eulenburg;4
Protocol_1909_01_19_03;prozess;2
Protocol_1909_01_19_03;verhandlungen;2
Protocol_1909_01_19_03;fuerst;2
Protocol_1909_01_19_03;volke;2
Protocol_1909_01_19_03;worten;1
Protocol_1909_01_19_03;eroertert;1
Protocol_1909_01_19_03;meinung;1
Protocol_1909_01_19_03;gerichtshof;1
Protocol_1909_01_19_03;vernehmen;1
Protocol_1909_01_19_04;presse;10
Protocol_1909_01_19_04;eulenburg;2
Protocol_1909_01_19_04;gericht;2
Protocol_1909_01_19_04;entscheidung;2
Protocol_1909_01_19_04;bestimmungen;2
Protocol_1909_01_19_04;erscheinung;1
Protocol_1909_01_19_04;licht;1
Protocol_1909_01_19_04;aufmerksamkeit;1
Protocol_1909_01_19_04;koerperschaften;1
Protocol_1909_01_19_04;teil;1
Protocol_1909_01_28_01;ausnahmen;7
Protocol_1909_01_28_01;arbeitgeber;3
Protocol_1909_01_28_01;regel;3
Protocol_1909_01_28_01;gesetz;3
Protocol_1909_01_28_01;arbeiter;2
Protocol_1909_01_28_01;herr;1
Protocol_1909_01_28_01;entruestung;1
Protocol_1909_01_28_01;erscheinung;1
Protocol_1909_01_28_01;ausdruecklich;1
Protocol_1909_01_28_01;mehrzahl;1
Protocol_1909_03_30_01;minister;4
Protocol_1909_03_30_01;sozialdemokraten;4
Protocol_1909_03_30_01;system;4
Protocol_1909_03_30_01;krone;2
Protocol_1909_03_30_01;unabhaengigkeit;1
Protocol_1909_03_30_01;regierung;1
Protocol_1909_03_30_01;parteien;1
Protocol_1909_03_30_01;worte;1
Protocol_1909_03_30_01;portemonnaie;1
Protocol_1909_03_30_01;interesse;1
Protocol_1909_03_30_02;existenz;2
Protocol_1909_03_30_02;sozialdemokraten;2
Protocol_1909_03_30_02;abgeordnete;1
Protocol_1909_03_30_02;weise;1
Protocol_1909_03_30_02;thema;1
Protocol_1909_03_30_02;bemerkung;1
Protocol_1909_03_30_02;hofe;1
Protocol_1909_03_30_02;gerede;1
Protocol_1909_03_30_02;entschiedenheit;1
Protocol_1909_03_30_02;seeschlange;1
Protocol_1909_03_30_03;existenz;5
Protocol_1909_03_30_03;reichskanzler;1
Protocol_1909_03_30_03;kollegen;1
Protocol_1909_03_30_03;vergnuegen;1
Protocol_1909_03_30_03;kollege;1
Protocol_1909_03_30_03;worte;1
Protocol_1909_04_23_01;vorlage;16
Protocol_1909_04_23_01;oeffentlichkeit;13
Protocol_1909_04_23_01;paragraf;13
Protocol_1909_04_23_01;kinder;9
Protocol_1909_04_23_01;bestimmungen;8
Protocol_1909_04_23_01;mitte;6
Protocol_1909_04_23_01;pflicht;6
Protocol_1909_04_23_01;interesse;6
Protocol_1909_04_23_01;geldstrafe;6
Protocol_1909_04_23_01;eulenburg;5
Protocol_1909_04_23_02;eulenburg;3
Protocol_1909_04_23_02;handlung;3
Protocol_1909_04_23_02;aenderung;2
Protocol_1909_04_23_02;privatleben;2
Protocol_1909_04_23_02;einschraenkung;2
Protocol_1909_04_23_02;staatssekretaer;1
Protocol_1909_04_23_02;bestrafung;1
Protocol_1909_04_23_02;beleidigung;1
Protocol_1909_04_23_02;zukunft;1
Protocol_1909_04_23_02;interesse;1
Protocol_1909_04_23_03;presse;4
Protocol_1909_04_23_03;entwurf;3
Protocol_1909_04_23_03;ehre;3
Protocol_1909_04_23_03;eulenburg;3
Protocol_1909_04_23_03;prozesse;3
Protocol_1909_04_23_03;klaeger;3
Protocol_1909_04_23_03;verstaerkung;2
Protocol_1909_04_23_03;prozess;2
Protocol_1909_04_23_03;meinung;2
Protocol_1909_04_23_03;sozialdemokraten;2
Protocol_1909_04_24_01;prozess;3
Protocol_1909_04_24_01;vorwurf;3
Protocol_1909_04_24_01;richter;3
Protocol_1909_04_24_01;gesetzgebung;2
Protocol_1909_04_24_01;moltke;2
Protocol_1909_04_24_01;worte;1
Protocol_1909_04_24_01;bedeutung;1
Protocol_1909_04_24_01;mitspiele;1
Protocol_1909_04_24_01;verkettung;1
Protocol_1909_04_24_01;bewegung;1
Protocol_1910_01_15_01;gesetz;3
Protocol_1910_01_15_01;zweifel;2
Protocol_1910_01_15_01;sozialdemokraten;2
Protocol_1910_01_15_01;jahre;2
Protocol_1910_01_15_01;vorentwurf;2
Protocol_1910_01_15_01;recht;1
Protocol_1910_01_15_01;eulenburg;1
Protocol_1910_01_15_01;eroerterungen;1
Protocol_1910_01_15_01;gepflogenheiten;1
Protocol_1910_01_15_01;kreisen;1
Protocol_1910_01_20_01;jahre;4
Protocol_1910_01_20_01;prozess;4
Protocol_1910_01_20_01;auflage;2
Protocol_1910_01_20_01;empoerung;2
Protocol_1910_01_20_01;eulenburg;2
Protocol_1910_01_20_01;mahnung;2
Protocol_1910_01_20_01;gesetz;2
Protocol_1910_01_20_01;worten;1
Protocol_1910_01_20_01;einwendungen;1
Protocol_1910_01_20_01;weise;1
Protocol_1910_01_31_01;regierung;2
Protocol_1910_01_31_01;schulbesuch;2
Protocol_1910_01_31_01;zustimmung;1
Protocol_1910_01_31_01;parteien;1
Protocol_1910_01_31_01;verbrechen;1
Protocol_1910_01_31_01;blutschande;1
Protocol_1910_01_31_01;kuppelei;1
Protocol_1910_01_31_01;gesetz;1
Protocol_1910_01_31_01;jahren;1
Protocol_1910_01_31_01;rechtsbewusstsein;1
Protocol_1910_01_31_02;ausweisung;2
Protocol_1910_01_31_02;rechtsordnung;1
Protocol_1910_01_31_02;stimme;1
Protocol_1910_01_31_02;zuegen;1
Protocol_1910_01_31_02;organe;1
Protocol_1910_01_31_02;recht;1
Protocol_1910_01_31_02;sessionen;1
Protocol_1910_01_31_02;scheidung;1
Protocol_1910_01_31_02;verwaltung;1
Protocol_1910_01_31_02;justiz;1
Protocol_1911_02_21_01;prozesse;2
Protocol_1911_02_21_01;volk;2
Protocol_1911_02_21_01;verbrecher;2
Protocol_1911_02_21_01;suehne;2
Protocol_1911_02_21_01;erregung;1
Protocol_1911_02_21_01;schoenebeck;1
Protocol_1911_02_21_01;wrede;1
Protocol_1911_02_21_01;eulenburg;1
Protocol_1911_02_21_01;armen;1
Protocol_1911_02_21_01;vorwurf;1
Protocol_1911_02_21_02;eulenburg;2
Protocol_1911_02_21_02;verhandlung;2
Protocol_1911_02_21_02;abgeordnete;2
Protocol_1911_02_21_02;jahre;1
Protocol_1911_02_21_02;auflage;1
Protocol_1911_02_21_02;prozesses;1
Protocol_1911_02_21_02;weise;1
Protocol_1911_02_21_02;veranlassung;1
Protocol_1911_02_21_02;gegenwart;1
Protocol_1911_02_21_02;richter;1
Protocol_1911_02_21_03;landrat;4
Protocol_1911_02_21_03;bestaetigung;4
Protocol_1911_02_21_03;freiherr;2
Protocol_1911_02_21_03;stadt;2
Protocol_1911_02_21_03;urteil;2
Protocol_1911_02_21_03;disziplinarverfahren;1
Protocol_1911_02_21_03;kreise;1
Protocol_1911_02_21_03;umgebung;1
Protocol_1911_02_21_03;gutsbesitzer;1
Protocol_1911_02_21_03;ansicht;1
Protocol_1911_02_22_01;eulenburg;2
Protocol_1911_02_22_01;fuersten;2
Protocol_1911_02_22_01;zustand;2
Protocol_1911_02_22_01;rednern;1
Protocol_1911_02_22_01;beruehrt;1
Protocol_1911_02_22_01;unterschied;1
Protocol_1911_02_22_01;rechtsprechung;1
Protocol_1911_02_22_01;mitteilung;1
Protocol_1911_02_22_01;justizminister;1
Protocol_1911_02_22_01;untersuchung;1
Protocol_1911_02_22_02;monate;11
Protocol_1911_02_22_02;wochen;3
Protocol_1911_02_22_02;urkundenfaelschung;2
Protocol_1911_02_22_02;abtreibung;2
Protocol_1911_02_22_02;gefaengnis;2
Protocol_1911_02_22_02;monat;2
Protocol_1911_02_22_02;zuhaelterei;2
Protocol_1911_02_22_02;urteil;2
Protocol_1911_02_22_02;kampf;2
Protocol_1911_02_22_02;statistik;1
Protocol_1911_02_22_03;jahre;4
Protocol_1911_02_22_03;handlungen;3
Protocol_1911_02_22_03;prozess;2
Protocol_1911_02_22_03;stunde;2
Protocol_1911_02_22_03;fonds;2
Protocol_1911_02_22_03;bezuege;2
Protocol_1911_02_22_03;sturz;2
Protocol_1911_02_22_03;pferde;2
Protocol_1911_02_22_03;ausbruch;2
Protocol_1911_02_22_03;geisteskrankheit;2
Protocol_1911_02_24_01;mitte;3
Protocol_1911_02_24_01;jaenicke;2
Protocol_1911_02_24_01;abschied;2
Protocol_1911_02_24_01;hoert;2
Protocol_1911_02_24_01;resolution;2
Protocol_1911_02_24_01;parteien;2
Protocol_1911_02_24_01;fuerst;1
Protocol_1911_02_24_01;eulenburg;1
Protocol_1911_02_24_01;gezwungen;1
Protocol_1911_02_24_01;angelegenheit;1
Protocol_1911_02_28_01;motivierung;2
Protocol_1911_02_28_01;konstatierung;1
Protocol_1911_02_28_01;sitzung;1
Protocol_1911_02_28_01;hardenjaenccke;1
Protocol_1911_02_28_01;angelegenheit;1
Protocol_1911_02_28_01;zurredestellung;1
Protocol_1911_02_28_01;jaenecke;1
Protocol_1911_02_28_01;forderung;1
Protocol_1911_02_28_01;grafen;1
Protocol_1911_02_28_01;brief;1
Protocol_1912_05_10_01;wahl;3
Protocol_1912_05_10_01;rock;2
Protocol_1912_05_10_01;militaeretat;2
Protocol_1912_05_10_01;system;2
Protocol_1912_05_10_01;eulenburg;1
Protocol_1912_05_10_01;reserveoffiziers;1
Protocol_1912_05_10_01;sozialdemokraten;1
Protocol_1912_05_10_01;schluss;1
Protocol_1912_05_10_01;prinzip;1
Protocol_1912_05_10_01;reihe;1
Protocol_1912_05_18_01;tuechtigkeit;2
Protocol_1912_05_18_01;verhaeltnisse;1
Protocol_1912_05_18_01;prozess;1
Protocol_1912_05_18_01;botschafter;1
Protocol_1912_05_18_01;koterien;1
Protocol_1912_05_18_01;gruppen;1
Protocol_1912_05_18_01;auswahl;1
Protocol_1912_05_18_01;stab;1
Protocol_1912_05_18_01;leistungsfaehigkeit;1
Protocol_1912_05_18_01;leben;1
Protocol_1913_02_08_01;jahren;2
Protocol_1913_02_08_01;sozialdemokraten;2
Protocol_1913_02_08_01;rang;1
Protocol_1913_02_08_01;angeklagten;1
Protocol_1913_02_08_01;bild;1
Protocol_1913_02_08_01;vervollstaendigen;1
Protocol_1913_02_08_01;eulenburg;1
Protocol_1913_02_08_01;gegenstand;1
Protocol_1913_02_08_01;hause;1
Protocol_1913_02_08_01;wochen;1
Protocol_1913_02_08_02;eulenburg;3
Protocol_1913_02_08_02;prozess;2
Protocol_1913_02_08_02;vorfall;1
Protocol_1913_02_08_02;schluss;1
Protocol_1913_02_08_02;worte;1
Protocol_1913_02_08_02;oairss;1
Protocol_1913_02_08_02;vorredner;1
Protocol_1913_02_08_02;jahren;1
Protocol_1913_02_08_02;beruehrt;1
Protocol_1913_02_08_02;zuschriften;1
Protocol_1913_02_08_03;eulenburg;5
Protocol_1913_02_08_03;untersuchung;2
Protocol_1913_02_08_03;mitteilungen;2
Protocol_1913_02_08_03;herr;1
Protocol_1913_02_08_03;verfahren;1
Protocol_1913_02_08_03;uebereinstimmung;1
Protocol_1913_02_08_03;cohn;1
Protocol_1913_02_08_03;dezember;1
Protocol_1913_02_08_03;verhandlungsfaehigkeit;1
Protocol_1913_02_08_03;haftfaehigkeit;1
Protocol_1913_02_11_01;gerichtsverhandlung;2
Protocol_1913_02_11_01;strafkammer;2
Protocol_1913_02_11_01;konstitution;2
Protocol_1913_02_11_01;falle;2
Protocol_1913_02_11_01;faktoren;2
Protocol_1913_02_11_01;rechtspflege;2
Protocol_1913_02_11_01;klempnermeister;1
Protocol_1913_02_11_01;anklage;1
Protocol_1913_02_11_01;sittlichkeit;1
Protocol_1913_02_11_01;jaehriger;1
Protocol_1913_02_13_01;eulenburg;4
Protocol_1913_02_13_01;richter;4
Protocol_1913_02_13_01;staatsraeson;3
Protocol_1913_02_13_01;meinung;3
Protocol_1913_02_13_01;volke;2
Protocol_1913_02_13_01;staat;2
Protocol_1913_02_13_01;rechtsprechung;2
Protocol_1913_02_13_01;rahmen;1
Protocol_1913_02_13_01;besprechung;1
Protocol_1913_02_13_01;klassenjustiz;1
Protocol_1913_04_03_01;wahl;3
Protocol_1913_04_03_01;pfleglingen;2
Protocol_1913_04_03_01;sanatorium;2
Protocol_1913_04_03_01;aufnahme;2
Protocol_1913_04_03_01;beweis;2
Protocol_1913_04_03_01;reichstag;2
Protocol_1913_04_03_01;waehlerliste;2
Protocol_1913_04_03_01;einwand;2
Protocol_1913_04_03_01;abstimmung;2
Protocol_1913_04_03_01;ausdruck;1
Protocol_1913_04_19_01;untersuchung;2
Protocol_1913_04_19_01;haenden;1
Protocol_1913_04_19_01;richter;1
Protocol_1913_04_19_01;gerichtsbarkeit;1
Protocol_1913_04_19_01;person;1
Protocol_1913_04_19_01;zuruf;1
Protocol_1913_04_19_01;sozialdemokraten;1
Protocol_1913_04_19_01;glocke;1
Protocol_1913_06_18_01;kolonialkriege;2
Protocol_1913_06_18_01;sozialdemokraten;2
Protocol_1913_06_18_01;zuruf;1
Protocol_1913_06_18_01;unruhe;1
Protocol_1913_06_18_01;vogtherr;1
Protocol_1913_06_18_01;manasse;1
Protocol_1913_06_18_01;heiterkeit;1
Protocol_1913_06_18_01;zurufe;1
Protocol_1913_06_18_01;geschlechter;1
Protocol_1913_06_18_01;fliegern;1
Protocol_1914_01_30_01;vergiftungen;2
Protocol_1914_01_30_01;strasse;2
Protocol_1914_01_30_01;strassen;2
Protocol_1914_01_30_01;gefahr;1
Protocol_1914_01_30_01;friedrichstrasse;1
Protocol_1914_01_30_01;potsdamerstrasse;1
Protocol_1914_01_30_01;strossenverkaeufer;1
Protocol_1914_01_30_01;glocke;1
Protocol_1914_01_30_01;lockruf;1
Protocol_1914_01_30_01;ertoenen;1
Protocol_1914_02_16_01;prozess;3
Protocol_1914_02_16_01;literatur;3
Protocol_1914_02_16_01;sensationspresse;2
Protocol_1914_02_16_01;jahre;2
Protocol_1914_02_16_01;strassenverkauf;1
Protocol_1914_02_16_01;einschlag;1
Protocol_1914_02_16_01;personen;1
Protocol_1914_02_16_01;haschen;1
Protocol_1914_02_16_01;kaufen;1
Protocol_1914_02_16_01;jahren;1
Protocol_1914_02_17_01;kollege;2
Protocol_1914_02_17_01;statistik;2
Protocol_1914_02_17_01;anwaelte;2
Protocol_1914_02_17_01;menschen;1
Protocol_1914_02_17_01;verschleppung;1
Protocol_1914_02_17_01;prozesses;1
Protocol_1914_02_17_01;eulenburg;1
Protocol_1914_02_17_01;durchfuehrung;1
Protocol_1914_02_17_01;anspruch;1
Protocol_1914_02_17_01;landschaften;1
Protocol_1914_05_14_01;politik;3
Protocol_1914_05_14_01;mund;1
Protocol_1914_05_14_01;recht;1
Protocol_1914_05_14_01;fisch;1
Protocol_1914_05_14_01;jahrbuch;1
