word;replace
unt;und
bismarek;bismarck
angarn;ungarn
ngarn;ungarn
bnetrlin;berlin
koenigl;koeniglich
grnze;grenze
ussland;russland
handef;handel
oesterr;oesterreich
esterreich;oesterreich
rulsland;russland
ruslland;russland
rufsland;russland
rusfland;russland
airika;afrika
ermischtes;vermischtes
unfoll;unfall
rankreich;frankreich
iteratur;literatur
fleutralen;neutralen
grofsbritannien;grossbritannien
kufsland;russland
kussland;russland
kusfland;russland
resden;dresden
herere;herero
hercre;herero
hercro;herero
hcrcro;herero
hcrero;herero
hcrcre;herero
hcrere;herero
ortmund;dortmund
america;amerika
amerira;amerika
fportnachrichten;sportnachrichten
fport;sport
nleutralen;neutralen
beutscher;deutscher
beutschland;deutschland
kreichslag;reichstag
kreichstag;reichstag
reichslag;reichstag
eueste;neueste
preufsischen;preussischen
preufsisch;preussisch
preufsische;preussische
preufsischer;preussischer
iialien;italien
russieb;russisch
spost;sport
gens;genf
hirika;afrika
eutsch;deutsch
eutsche;deutsche
valkanstaaten;balkanstaaten
merika;amerika
alkanstaaten;balkanstaaten
steutralen;neutralen
ortugal;portugal
rutzland;russland
ausbentung;ausbeutung
erolsteiner;gerolsteiner
grossbritaunien;grossbritannien
gegevmärtig;gegenwärtig
regierungs=com¬missar;regierungscomissar
national=versammlung;nationalversammlung
directo;director
praesiden“;praesident
heuete;heute
gerlicht;geruecht
handelsarchibs;handelsarchiv
vorkommmisse;vorkommnisse
reichsanit;reichsamt
handersvertraege;handelsvertraege
taeueringischen;thueringischen
medieinischen;medizinischen
krie;krieg
randcet;handel
herlin;berlin
haendel;handel
jandtag;landtag
jandtags;landtags
obnetrlin;berlin
kilomeler;kilometer
talien;italien
eutschland;deutschland
aris;paris
lazareit;lazarett
rwaltung;verwaltung
americaner;amerikaner
rankfurt;Frankfurt
aprll;april
igreich;siegreich
inr;in
ereinigte;vereinigte
vorlaeufigen;vorläufigen
greisbritannien;grossbritannien
krieasschiffe;kriegsschiffe
ssoul;soul
staatsmlntsterium;staatsministerium
prinzeffin;prinzessin
preulsischen;preussischen
atrika;afrika
waffer;wasser
grossbritaunien;grossbritannien
weife;weise
herrn;herr
herren;herr
londen;london
russzland;russland
groefsere;groessere
maedven;maedchen
kindermaedven;kindermaedchen
om;rom
openhagen;kopenhagen
ondon;london
rankfurt;frankfurt
onstantinopel;konstantinopel
ndon;london
penhagen;kopenhagen
nstantinopel;konstantinopel
okio;tokio
tockholm;stockholm
slo;oslo
rtsmouth;portsmouth
heinische;rheinische
heinischen;rheinischen
heinischer;rheinischer
nuesseldor;duesseldorf
airo;kairo
andels;handels
deutschla;deutschland
orddeutsch;norddeutsch
orddeutscher;norddeutscher
sanzibar;sansibar
zanzibar;sansibar
anzibar;sansibar
oemische;roemische
ssabon;lissabon
issabon;lissabon
ukarest;bukarest
etersburg;petersburg
rdnung;ordnung
teckbrief;steckbrief
kandwirtschaftliche;landwirtschaftliche
mariue;marine
preiissischen;preussischen
koman;roman
deutschla;deutschland
ckholm;stockholm
aris;paris
boerzenleute;boersenleute
tettin;stettin
tettiner;stettiner
frankfart;frankfurt
ankfart;frankfurt
rutzland;russland
herbien;serbien
bulgarten;bulgarien
entral;central
erhandlungen;verhandlungen
vilstand;civilstand
ndustrie;industrie
nachen;aachen
lvilstand;civilstand
ersonal;personal
erlin;berlin
tuerkek;tuerkei
eschichtliches;geschichtliches
rankfurt;frankfurt
yon;lyon
talien;italien
oenigreich;koenigreich
kondon;london
uerkei;tuerkei
reussen;preussen
reussens;preussens
emberg;lemberg
esterreich;oesterreich
chweiz;schweiz
deutschlund;deutschland
ermischte;vermischte
ersailles;versailles
koln;koeln
kailand;mailand
annheim;mannheim
raunschweig;braunschweig
panien;spanien
erbien;serbien
apan;japan
apans;japans
armstadt;darmstadt
amburg;hamburg
umaenien;rumaenien
osen;posen
oenigreich;koenigreich
chweden;schweden
alkanstaaten;balkanstaaten
ulgarien;bulgarien
ueffeldorf;duesseldorf
elgien;belgien
umaenien;rumaenien
urenstaaten;burenstaaten
apstadt;kapstadt
ranzoesisch;franzoesisch
hina;china
portnachrichten;sportnachrichten
utzland;russland
erbien;serbien
ersien;persien
ilitaerisches;militaerisches
alzburg;salzburg
alzburger;salzburger
onntag;sonntag
eichsbank;reichsbank
arokko;marokko
alvador;salvador
oston;boston
taedtische;staedtische
hammburg;hamburg
ammburg;hamburg
amauterdamm;amsterdam
eform;reform
alien;italien
unst;kunst
mtliche;amtliche
adrid;madrid
rlin;berlin
dafs;dass
waizen;weizen
bilig;billig
beberzigung;beherzigung
zeitschrist;zeitschrift
5fentliche;oeffentliche
gesundheitoepfiege;gesundheitspflege
gesundheitspfiege;gesundheitspflege
gesundheitfpfiege;gesundheitspflege
gesundheitoepflege;gesundheitspflege
gesundheitfpflege;gesundheitspflege
berlchict;berichtet
ucberzeugung;ueberzeugung
empftehlt;empfiehlt
auguft;august
loeal;lokal
local;lokal
gleichzeschlechtlichen;gleichgeschlechtlichen
daß;dass
Strafjesetzbuches;strafgesetzbuches
Kommision;kommission
Berson;person
alshald;alsbald
verhündeten;verkündeten
ionsequenz;konsequenz
mehrern;mehreren
vervolg;verfolgt
jugestehen;zugestehen
genomuen;genommen
hofen;hoffen
oaß ;dass
Molike;moltke
Krimminalkommissare;kriminalkommissare
woährend;waehrend
Angektagte;angeklagte
Angeklagie;angeklagte
verhandtungsfähig;verhandlungsfähig
nitürlich;natürlich
Staatsauwaltschaft;staatsanwaltschaft
Berufungsverjahren;berufungsverfahren
Verieidigung;verteidigung
Nerveu;nerven
Beite;bette
Ecklärung;erklärung
sorderte;forderte
uahm;nahm
offenbat;offenbar
nich;nicht
Homoserualität;homosexualität
Charakte;charakter
wissenschaftlichhumanitären;wissenschaftlich hu...
daf;dass
söchst;höchst
Bestrebunger;bestrebungen
Anderssesinnten;andersgesinnten
Peiitionskommission;petitionskommission
Peritionen;petitionen
Perition;petition
Pekition;petition
evangekischen;evangelischen
behaudelt;behandelt
Kommnnisten;Kommunisten
homoserzellezn;homosexuellen
erstei;ersten
Grof;graf
Eutscheidung;entscheidung
Uuschuld;unschuld
Zeuige;zeuge
emsprechenden;entsprechenden
überschwengliche;ueberschwingliche
Neiu;nein
frühern;frueheren
Guade;gnade
hüft;nuetzt
Borsitzender;vorsitzender
Ausicht;aussicht
Strasprozeßordnung;strafprozessordnung
Augenvlick;augenblick
hervorragendet;hervorragender
irttum;irrtum
ftaglich;fraglich
prozeß;prozess
seruelle;sexuelle
iher;hier
erweislich;nachweislich
längern;längeren
frül;früh
darau;darauf
trafkammer;strafkammer
außerung;aeusserung
aufgefunder;aufgefunden
haber;haben
bet;bett
täglic;taeglich
geganger;gegangen
nich;nicht
manchma;manchmal
andlung;handlung
aud;auch
ilgere;folgere
haftfähia;haftfaehig
tagelan;tagelang
grol;groll
beständer;bestaenden
nac ;nach
abreife;abreise
erfolg;erfolg
muf;muss
beeinlussungen;beeinflussungen
nich;nicht
andeln;handeln
urtei;urteil
daf;dass
verhandlungsfö;verhandlungsfaehig
gan;ganz
besurchte;besuchte
untersuchun;untersuchung
werder;werden
modisikationen;modifikationen
ersalten;erhalten
einrigtungen;einrichtungen
verhaltnissen;verhaeltnissen
vorhander;vorhanden
sitzung;sitzung
eindruc;einrduck
fruehern;frueheren
ick;ich
erscheinun;erscheinung
villkuerlich;willkuerlich
erwider;erwidert
schie;schien
ar;gar
kann;kann
zi;zu
wuerder;wuerden
seschworenen;geschworenen
euleuburg;eulenburg
heren;herren
übernimut;uebermut
dankbarkett;dankbarkeit
semand;jemand
mutß;muss
einge;einige
möglichkett;möglichkeit
echtsanwalt;
vorsizende;vorsitzende
zuläsig;zulässig
vorauschiken;vorrausschicken
verhaudlung;verhandlung
unanfecktbarer;unanfechtbarer
zumgunsten;zugunsten
volster;vollster
gedächrnis;gedachtnis
gedruck;gedruckt
auszunntzen;auszunutzen
gibr;gibt
karer;kaler
stiume;stimme
gesichspunkte;gesichtspunkte
enischeidend;entscheidend
hofse;hoffe
eime;eine
könten;koennten
zulasung;zulassung
prosessor;professor
shrem;ihrem
universtät;universitaet
psychosogisches;psychologisches
Zulafsungsgrund;zulassungsgrund
Dispostion;disposition
charits;charite
eröfnet;eroeffnet
landgerichis;landgerichts
amfange;anfange
augeklarte;angeklagte
burch;durch
ustzverwaltung;justizverwaltung
hoßen;hohen
deser;dieser
baben;haben
unzweielhaft;unzweifelhaft
zugefüh;zugefuehrt
verbeimlicht;verheimlicht
schnutz;schmutz
gewichtge;gewichtige
zeuger;zeugen
oessentlichkeit;oeffentlichkeit
desen;dessen
mißtrauf;mistraut
sitlichkeit;sittlichkeit
nich;nicht
öfentlichen;oeffentlichen
öfentlich;oeffentlich
ausfihrung;ausfuehrung
jusize;justiz
geignet;geeignet
verhandlun;verhandlung
nuß;muss
geschlosenen;geschlossenen
wahrheil;wahrheit
züm;zum
dgraufhin;daraufhin
perionen;personen
größern;groesseren
preßorgan;presseorgan
rötigung;noetigung
pfychologische;psychologische
insormationen;informationen
zusammenzusinden;zusammenzufinden
0ifferenzen;Differenzen
Entlässung;Entlassung
Erpressumg;Erpressung
fühnen;sühnen
antisemitscher;antisemitischer
haupisache;hauptsache
angreisen;angreifen
fehne;sehne
tiessittliche;tiefsittliche
merknial;merkmal
gewißheit;gewissheit
anlaß;anlass
homosexuglität;homosexualitaet
wiederherzestellen;wiederherzustellen
Polizeipräsidenter;polizeipraesidenten
zun;zum
privatktägter;privatklaeger
birte;bitte
pprivatkläger;privatklaeger
schilderern ;schildern
schärfern;schaerferen
frühern;frueheren
rascherm;rascherem
fnden;finden
zumest;zumeist
kurzgefaßten;kurzgefassten
prozeß;prozess
woährend;waehrend
angektagte;angeklagte
angeklagie;angeklagte
verhandtungsfähig;verhandlungsfaehig
nitürlich;natuerlich
staatsauwaltschaft;staatsanwaltschaft
rufungsverjahren;berufungsverfahren
veriedigung;vereidigung
nerveu;nerven
einmul ;einmal
heteroexuellen;heterosexuellen
mißbrauch;missbrauch
begeguet;begegnet
Motwve;motive
fabrikauten;fabrikanten
aussa;aussage
aunahme;aufnahme
homoseruellen;homosexuellen
abueigung;abneigung
empfindeu;empfinden
hinbiick;hinblick
emfallen;entfallen
kom;kommen
weni;wenig
zweifelios;zweifellos
erschütiert;erschuettert
veranlagun;veranlagung
sexnelle;sexuelle
Famitienmitglieder;Familienmitglieder
aufgerusen;aufgerufen
verstauden;verstanden
spracher;sprachen
nür;nur
wetier;weiter
sarkasti;sarkastisch
sorgfättig;sorgfaeltig
gemeit;gemeint
seruelle;sexuelle
geviet;gebiet
seruellen;sexuellen
irgei;irgendein
bedeuter;bedeuten
yabe;habe
treiven;treiben
währene;waehrend
verhandlunng;verhandlung
mirteilungen;mitteilungen
geven;geben
gedantenganges;gedankenganges
pyysisch;physisch
beautragte;beauftragte
schuell;schnell
scharsem;scharfem
verieidigung;verteidigung
üver;ueber
steks;stets
brieswechsel;briefwechsel
geäußer;geaeußert
strasprozeß;strafprozess
präfin;gräfin
austauchen;auftauchen
ternen;lernen
hysterisce;hysterische
kömnte;koennte
munmehr;nunmehr
maxzimum;maximum
zuäsigen;zulaessigen
eutgleisen;entgleisen
aerzse;aerzte
dürste;duerfte
uus;uns
vernommer;vernommen
mittellung;mitteilung
vortellen;vorstellen
wortlichen;woertlichen
hamals;damals
eharakter;charakter
völig;voellig
gefsihl;gefuehl
bankbarkeit;dankbarkeit
sener;seiner
herschte;herrschte
rusen;ruesen
besizer;besitzer
scharsen;scharfen
bekankt;bedankt
pracktvoll;prachtvoll
pläue;plaene
einma;einmal
auszufillen;auszufuellen
poütische;politische
erschenen;erschienen
Verteitdgung;verteidigung
poltische;politische
zuktuft;zukunft
nufgenommen;aufgenommen
merktwürög;merkwuerdig
gräfn;graefin
verstandei;verstanden
worben;worden
seten;seien
beteligten;beteiligten
geneldet;gemeldet
kointe;konnte
beinischung;beimischung
vorderarund;vordergrund
hefige;heftige
nehnsen;nennen
eregung;erregung
kenntuis;kenntnis
rechtskähigkeit;rechtsfaehigkeit
geran;getan
eiuflüsse;einfluesse
fuchte;suchte
beiehungen;beziehungen
verstonden;verstanden
gesogt;gesorgt
uugang;umgang
dramatschen;dramatischen
verschedenen;verschiedenen
mitgetellt;mitgeteilt
intine;intime
spräch;gespräch
beurteit;beurteilt
verlaugen;verlangen
besetigen;beseitigen
unerworfen;unterworfen
persörlich;persoenlich
hente;heute
polische;politische
urteill;urteil
blädoyer;plaedoyer
möntäg;Montag
Verteidigertif;verteidigertisch
angefaugen;angefangen
Wochenhrift;wochenschrift
unglanbwürdigen;unglaubwuerdigen
frül;frueh
trafkammer;strafkammer
aufgefunder;aufgefunden
haber;haben
außerung;aeusserung
aud;auch
eklatantern;eklatanten
zemacht;gemacht
ilgere;folgere
tagelan;tagelang
haftfähia;haftfaehig
grol;groll
beständer;bestaenden
nac;nach
abreife;abreise
erfol;erfolgt
muf;muss
andeln;handeln
nich;nicht
urtei;urteil
verhandlungsfö;verhandlungsfaehig
iel;viel
besurchte;besuchte
untersuchun;untersuchung
modisikationen;modifikationen
ersalten;erhalten
einrigtungen;einrichtungen
sitzun;sitzung
eindruc;eindruck
erscheinun;erscheinung
villkürlich;willkuerlich
schie;schien
würder;würden
butow;bülow
buetow;bülow
Rcichskauziers;reichskanzlers
Rcichskauzier;reichskanzler
RoichskanzlerReichskanzler;reichskanzler
Zoilschutzes;Zollschutzes
nittel;mittel
erklaerung;erklärung
vericht;bericht
munmehr;nunmehr
bulow;bülow
buelow;bülow
schilingfuerst;schillingfürst
schilingfurst;schillingfürst
scillingfürst;schillingfürst
shilingfürst;schillingfürst
shillingfuerst;schillingfürst
hohnlohe;schillingfürst
hohenle;hohenlohe
holenhohe;hohenlohe
chlodwig zu;schillingfürst
bernhard vin;bülow
bernhard von;bülow
holweg;hollweg
hoiiweg;hollweg
hollwog;hollweg
hellwog;hollweg
caprivi de;montecuccoli
montecucoli;montecuccoli
monteeueolli;montecuccoli
monteeucoli;montecuccoli
montecueoli;montecuccoli
capeera;caprera
capera;caprera
caprora;caprera
reich kanzler;reichskanzler
roich kanzler;reichskanzler
roich konzer;reichskanzler
reichskanzlorreichskanzler;
öffiziös;offizioes
kofesstonelle ;konfessionelle
kofesstonell;konfessionell 
tn;in 
krtegsmtnisteriums;kriegsministeriums
krtegsmtnisterium;kriegsministerium 
osfizier;offizier
dahm;dann
entzelfall;einzelfall
entzellfälle;einzelfaelle
erkenntiffe;erkenntnisse
autorttät;autoritaet
verletzund;verletzend
preffe;presse 
zettung;zeitung
nobtlflerung;nobiliiserung
fortschrttt;fortschritt
polttische;politische
polttisch ;politisch 
jnformation;information 
ntcht;nicht
penston;pension
anhallspunkt ;anhaltspunkt
anhallspunkte;anhaltspunkte
nationalltberalen ;nationalliberalen
nationalltberale ;nationalliberale 
nationalltberal ;nationalliberal
antzerhalb;ausserhalb
polltik;politik
betättgung;betaetigung
konzefsionspflicht ;konfessionspflicht
konzefsion ;konfession
verwaltungstnstanz;verwaltungsinstanz
kommiffion;kommission
kommflon;kommission
petttion;petition
petitton;petition
pettton;petition
pfticht;pflicht
mtßstände;missstände
»ttchts ;nichts
vr;dr 
herreu;herren
fretgabe;freigabe
nattonalliberal;nationalliberal
gesetzltich;gesetzlich
präfident;praesident
unstttlichkeit;unsittlichkeit
unstttlich ;unsittlich 
ungesetzclich;ungesetzlich
gefestzgeberisch;gesetzgeberisch
gefetz;gesetz
gefängniß;gefängnis
civil;zivil
ermittelung;ermittlung
ermittelungen;ermittlungen
ermittelungsverfahren;ermittlungsverfahren
unformell;informell
theilnehmer;teilnehmer
prostituirten;prostituierten
prostituirte ;prostituierte 
hergiebt;hergibt
thier;tier
thiere;tiere
sämmtlich;sämtlich
korrumpirt;korrumpiert
korrumpiren;korrumpieren
thatsächlich;tatsächlich
thäter;täter
urtheil;urteil
urtheile;urteile
konsternirt;konsterniert
konsterniren;konsternieren
depremiren;deprimieren
depremirt;deprimiert
deprimiren;deprimieren
deprimirt;deprimiert
garantirt;garantiert
ganartiren;garantieren
thun;tun
uüd;und
incest;inzest
paragraph;paragraf
paragraphen;paragrafen
vr;dr 
dje;die
semer;seiner
