;stopwords;n_of_lexicon_words
0;sp;0
1;mk;0
2;a;0
3;ab;0
4;aber;0
5;abgerufen;0
6;abgerufene;0
7;abgerufener;0
8;abgerufenes;0
9;acht;0
10;alle;0
11;allein;0
12;allem;0
13;allen;0
14;aller;0
15;allerdings;0
16;allerlei;0
17;alles;0
18;allgemein;0
19;allmaehlich;0
20;allzu;0
21;als;0
22;alsbald;0
23;also;0
24;am;0
25;amp;0
26;an;0
27;ander;0
28;andere;0
29;anderem;0
30;anderen;0
31;anderer;0
32;andererseits;0
33;anderes;0
34;anderm;0
35;andern;0
36;andernfalls;0
37;anders;0
38;anfangen;0
39;anfing;0
40;angabe;0
41;angefangen;0
42;angenommen;0
43;angesetze;0
44;angesetzt;0
45;angesetzten;0
46;angesetzter;0
47;anl;0
48;anna;0
49;annahme;0
50;ansetzen;0
51;anstatt;0
52;antrag;0
53;apr;0
54;april;0
55;arbeiten;0
56;art;0
57;artikel;0
58;au;0
59;auch;0
60;auf;0
61;aufgabe;0
63;aufgrund;0
66;aufzusuchen;0
67;aug;0
68;august;0
69;aus;0
70;ausdruecken;0
71;ausdrueckt;0
72;ausdrueckte;0
73;ausgenommen;0
74;ausser;0
75;ausserdem;0
76;author;0
77;autor;0
78;außen;0
79;außer;0
80;außerdem;0
81;außerhalb;0
82;b;0
83;bald;0
84;be;0
85;bearbeite;0
86;bearbeiten;0
87;bearbeitete;0
88;bearbeiteten;0
89;bedarf;0
90;bedurfte;0
91;beduerfen;0
92;befragen;0
93;befragte;0
94;befragten;0
95;befragter;0
96;begann;0
97;beginnen;0
98;begonnen;0
99;behalten;0
100;behielt;0
101;bei;0
102;beide;0
103;beiden;0
104;beiderlei;0
105;beides;0
106;beim;0
107;beinahe;0
110;ben;0
111;benutzt;0
112;bericht;0
113;berichten;0
114;berichtet;0
115;berichtete;0
116;berichteten;0
117;bes;0
120;bestimmt;0
121;betreffenden;0
122;betreffent;0
123;bevor;0
124;bezueglich;0
125;bietet;0
127;bin;0
128;bis;0
129;bisher;0
130;bislang;0
131;bist;0
132;bk;0
133;bl;0
134;bleiben;0
135;blieb;0
136;bloss;0
137;bloß;0
138;brachte;0
139;brachten;0
140;brauchen;0
141;braucht;0
142;bringen;0
143;braeuchte;0
144;bsp.;0
145;bureau;0
146;bz;0
147;bzw;0
148;boeden;0
149;c;0
150;ca;0
151;ca.;0
152;carl;0
153;cath;0
154;circa;0
155;city;0
156;co;0
157;comp;0
158;cr;0
159;d;0
160;da;0
161;dabei;0
162;dadurch;0
163;dafuer;0
164;dagegen;0
165;daher;0
166;dahin;0
167;damals;0
168;dame;0
169;damit;0
170;danach;0
171;daneben;0
172;dank;0
174;dann;0
175;dannen;0
176;daran;0
177;darauf;0
178;daraus;0
179;darf;0
180;darfst;0
181;darin;0
182;darum;0
183;darunter;0
184;darueber;0
185;darueberhinaus;0
186;das;0
187;daselbst;0
188;dass;0
189;dasselbe;0
190;davon;0
191;davor;0
192;dazu;0
193;daß;0
194;de;0
195;dec;0
196;december;0
197;dein;0
198;deine;0
199;deinem;0
200;deinen;0
201;deiner;0
202;deines;0
203;dem;0
204;demnach;0
205;demselben;0
206;den;0
207;denen;0
208;denn;0
209;dennoch;0
210;denselben;0
211;der;0
212;derart;0
213;derartig;0
214;derem;0
215;deren;0
216;derer;0
217;derjenige;0
218;derjenigen;0
219;derselbe;0
220;derselben;0
221;derzeit;0
222;des;0
223;deshalb;0
224;desselben;0
225;dessen;0
226;desto;0
227;deswegen;0
228;dez;0
229;dich;0
230;die;0
231;diejenige;0
232;dienstag;0
233;dies;0
234;diese;0
235;dieselbe;0
236;dieselben;0
237;diesem;0
238;diesen;0
239;dieser;0
240;dieses;0
241;diesseits;0
242;dinge;0
243;dinstag;0
244;dir;0
245;direkt;0
246;direkte;0
247;direkten;0
248;direkter;0
249;dito;0
250;do;0
251;doch;0
252;donnerstag;0
253;doppelt;0
254;dort;0
255;dorther;0
256;dorthin;0
257;dr;0
258;drauf;0
259;drei;0
260;dreißig;0
261;drin;0
262;dritte;0
263;drunter;0
264;drueber;0
265;du;0
267;durch;0
268;durchaus;0
269;e;0
270;eben;0
271;ebenfalls;0
272;ebenso;0
273;ehe;0
274;eher;0
275;eigenen;0
276;eigenes;0
277;eigentlich;0
278;ein;0
279;einbauen;0
280;eine;0
281;einem;0
282;einen;0
283;einer;0
284;einerseits;0
285;eines;0
286;einfuehren;0
287;einfuehrte;0
288;einfuehrten;0
289;eingesetzt;0
290;einig;0
291;einige;0
292;einigem;0
293;einigen;0
294;einiger;0
295;einigermaßen;0
296;einiges;0
297;einmal;0
298;eins;0
299;einseitig;0
300;einseitige;0
301;einseitigen;0
302;einseitiger;0
303;einst;0
304;einstmals;0
305;einzeln;0
306;einzig;0
307;em;0
308;en;0
310;ent;0
311;entgegen;0
312;entsprechend;0
313;entweder;0
314;er;0
315;erfolgt;0
316;erklaerung;0
317;erneut;0
318;erst;0
319;erste;0
320;ersten;0
321;erster;0
322;ertheilt;0
323;eroeffne;0
324;eroeffnen;0
325;eroeffnet;0
326;eroeffnete;0
327;eroeffnetes;0
328;es;0
329;et;0
330;etc;0
331;etliche;0
332;etwa;0
333;etwas;0
334;euch;0
335;euer;0
336;eure;0
337;eurem;0
338;euren;0
339;eurer;0
340;eures;0
341;exp;0
342;exped;0
343;f;0
344;fall;0
346;falls;0
347;fand;0
348;fast;0
349;feb;0
350;febr;0
351;februar;0
352;ferner;0
353;finden;0
354;findest;0
355;findet;0
356;fl;0
357;flur;0
358;folge;0
359;folgende;0
360;folgenden;0
361;folgender;0
362;folgendes;0
363;folglich;0
364;fordern;0
365;fordert;0
366;forderte;0
367;forderten;0
368;fort;0
369;fortsetzen;0
370;fortsetzt;0
371;fortsetzte;0
372;fortsetzten;0
373;fr;0
374;frage;0
375;fragen;0
376;fragte;0
377;franz;0
378;freitag;0
379;frueher;0
380;fuer;0
381;fuss;0
382;fuß;0
383;fuenf;0
384;fuer;0
385;g;0
386;gab;0
387;ganz;0
388;ganze;0
389;ganzem;0
390;ganzen;0
391;ganzer;0
392;ganzes;0
393;gar;0
394;gbr;0
395;ge;0
396;geb;0
397;geben;0
398;geblieben;0
399;gebracht;0
400;gedurft;0
402;geehrte;0
403;geehrten;0
404;geehrter;0
405;gef;0
406;gefl;0
407;gefunden;0
408;gefaelligst;0
409;gegeben;0
410;gegen;0
411;gehabt;0
412;gehen;0
413;geht;0
414;gekommen;0
415;gekonnt;0
416;gemacht;0
418;gemaess;0
419;gen;0
420;genommen;0
421;genug;0
422;ger;0
423;gern;0
424;ges;0
425;gesagt;0
426;gesehen;0
427;gest;0
428;gestern;0
429;gestrige;0
430;getan;0
431;geteilt;0
432;geteilte;0
433;getragen;0
434;gewesen;0
435;gewissermaßen;0
436;gewollt;0
437;geworden;0
438;ggf;0
439;gib;0
440;gibt;0
441;gleich;0
442;gleichwohl;0
443;gleichzeitig;0
444;gluecklicherweise;0
445;gmbh;0
446;gr;0
447;grund;0
448;groeßere;0
449;groeßerem;0
450;groeßeren;0
451;gaengig;0
452;gaengige;0
453;gaengigen;0
454;gaengiger;0
455;gaengiges;0
456;gaenzlich;0
457;h;0
458;hab;0
459;habe;0
460;haben;0
461;haette;0
462;halb;0
463;hallo;0
464;halten;0
465;hand;0
466;hast;0
467;hat;0
468;hatte;0
469;hatten;0
470;hattest;0
471;hattet;0
472;haupt;0
473;her;0
474;heraus;0
475;herein;0
476;herr;0
477;heute;0
478;heutige;0
479;hier;0
480;hiermit;0
481;hiesige;0
482;hiesigen;0
483;hin;0
484;hinein;0
485;hinten;0
486;hinter;0
487;hinterher;0
488;hub;0
489;hundert;0
490;haett;0
491;haette;0
492;haetten;0
493;i;0
494;ich;0
495;igitt;0
496;ihm;0
497;ihn;0
498;ihnen;0
499;ihr;0
500;ihre;0
501;ihrem;0
502;ihren;0
503;ihrer;0
504;ihres;0
505;ii;0
506;iii;0
507;iiii;0
508;im;0
509;immer;0
510;immerhin;0
511;important;0
512;in;0
513;indem;0
514;inder;0
515;indessen;0
516;info;0
517;infolge;0
518;innen;0
519;innerhalb;0
520;ins;0
521;insofern;0
522;inzwischen;0
523;irgend;0
524;irgendeine;0
525;irgendwas;0
526;irgendwen;0
527;irgendwer;0
528;irgendwie;0
529;irgendwo;0
530;ist;0
531;iv;0
532;ix;0
533;j;0
534;ja;0
535;jahr;0
536;jahres;0
537;jan;0
538;januar;0
539;je;0
540;jede;0
541;jedem;0
542;jeden;0
543;jedenfalls;0
544;jeder;0
545;jederlei;0
546;jedes;0
547;jedoch;0
548;jemand;0
549;jene;0
550;jenem;0
551;jenen;0
552;jener;0
553;jenes;0
554;jenseits;0
555;jetzt;0
556;joh;0
557;jos;0
558;jul;0
559;juli;0
560;jun;0
561;junge;0
562;juni;0
563;jaehrig;0
564;jaehrige;0
565;jaehrigen;0
566;jaehriges;0
567;k;0
568;kam;0
569;kann;0
570;kannst;0
571;kaum;0
572;kein;0
573;keine;0
574;keinem;0
575;keinen;0
576;keiner;0
577;keinerlei;0
578;keines;0
579;keineswegs;0
584;koennen;0
585;koennt;0
586;koennte;0
587;koennten;0
588;komme;0
589;kommen;0
590;kommt;0
591;konnte;0
592;konnten;0
595;koenn;0
596;koenne;0
597;koennen;0
598;koennt;0
599;koennte;0
600;koennten;0
601;kuenftig;0
602;l;0
603;la;0
604;lag;0
605;lage;0
606;lagen;0
607;lang;0
608;lange;0
609;langer;0
611;lassen;0
612;laut;0
613;lediglich;0
615;legen;0
616;legte;0
617;legten;0
618;leider;0
619;lesen;0
620;letze;0
621;letzten;0
622;letztendlich;0
623;letztens;0
624;letztes;0
625;letztlich;0
626;leute;0
627;lich;0
628;lichen;0
629;lichten;0
630;liegt;0
631;liest;0
632;ließ;0
633;links;0
634;lit;0
635;loco;0
636;loose;0
637;lung;0
638;laengst;0
639;laengstens;0
640;laeßt;0
641;m;0
642;mache;0
643;machen;0
644;machst;0
646;machte;0
647;machten;0
650;mai;0
651;mal;0
652;man;0
653;manche;0
654;manchem;0
655;manchen;0
656;mancher;0
657;mancherorts;0
658;manches;0
659;manchmal;0
660;mann;0
661;margin;0
662;mehr;0
663;mehrere;0
664;mein;0
665;meine;0
666;meinem;0
667;meinen;0
668;meiner;0
669;meines;0
670;meist;0
671;meiste;0
672;meisten;0
673;men;0
674;meta;0
675;meter;0
676;mich;0
677;mindestens;0
678;mir;0
679;mit;0
680;mithin;0
681;mittel;0
682;mittwoch;0
683;mn;0
685;montag;0
686;morgen;0
687;morgens;0
688;morgige;0
689;mosse;0
690;mt;0
691;mts;0
692;muessen;0
693;muesst;0
694;muesste;0
695;muss;0
696;musst;0
697;musste;0
698;mussten;0
699;muß;0
700;mußt;0
701;mußte;0
702;mußten;0
703;maer;0
704;maerz;0
713;moeglicherweise;0
714;muesse;0
715;muessen;0
716;muesste;0
717;muessten;0
718;mueße;0
719;mueßen;0
720;mueßt;0
721;mueßte;0
722;n;0
723;nach;0
724;nachdem;0
725;nacher;0
726;nachhinein;0
727;nachm;0
728;nachmittags;0
729;nacht;0
732;nahm;0
733;namen;0
734;natuerlich;0
735;neben;0
736;nebenan;0
737;nebst;0
738;nehmen;0
739;nein;0
740;nen;0
741;neun;0
742;new;0
743;nicht;0
744;nichts;0
745;nie;0
746;niemals;0
747;niemand;0
748;nimm;0
749;nimmer;0
750;nimmt;0
751;nirgends;0
752;nirgendwo;0
753;nm;0
754;noch;0
755;nov;0
756;november;0
757;nr;0
758;nrs;0
759;nun;0
760;nur;0
762;nutzt;0
763;nutzung;0
765;naehe;0
768;naemlich;0
769;noetigenfalls;0
770;o;0
771;ob;0
772;oben;0
773;ober;0
774;oberhalb;0
775;obgleich;0
776;obschon;0
777;obwohl;0
778;oct;0
779;october;0
780;oder;0
781;oest;0
782;oet;0
783;of;0
784;off;0
785;offen;0
786;oft;0
787;ohne;0
788;okt;0
789;oktober;0
790;p;0
791;per;0
792;peter;0
793;pfui;0
794;ploetzlich;0
795;poste;0
796;pr;0
797;pro;0
798;q;0
799;r;0
800;rath;0
801;re;0
802;reagiere;0
803;reagieren;0
804;reagiert;0
805;reagierte;0
807;rede;0
808;regelmaeßig;0
809;rente;0
810;resp;0
811;rh ur;0
812;richten;0
813;rief;0
814;rund;0
815;rung;0
816;s;0
817;sache;0
818;sage;0
819;sagen;0
820;sagt;0
821;sagte;0
822;sagten;0
823;sagtest;0
824;samstag;0
825;sang;0
826;sangen;0
827;sch;0
828;sche;0
829;schein;0
830;scheint;0
831;schen;0
833;schließlich;0
834;schon;0
835;schreibe;0
836;schreiben;0
837;schreibens;0
838;schreiber;0
839;schreibt;0
845;se;0
846;sechs;0
847;sect;0
848;sehe;0
849;sehen;0
851;sehrwohl;0
852;seht;0
853;sei;0
854;seid;0
855;seiden;0
856;seien;0
857;sein;0
858;seine;0
859;seinem;0
860;seinen;0
861;seiner;0
862;seines;0
863;seit;0
864;seitdem;0
865;seite;0
866;seiten;0
867;seither;0
868;selber;0
869;selbst;0
875;sep;0
876;sept;0
877;september;0
878;ser;0
879;setzen;0
880;setzt;0
881;setzte;0
882;setzten;0
883;sgr;0
884;sich;0
885;sicherlich;0
886;sie;0
887;sieben;0
888;siebte;0
889;siehe;0
890;sieht;0
891;sind;0
892;singen;0
893;singt;0
894;so;0
895;sobald;0
896;sodaß;0
897;soeben;0
898;sofern;0
899;sofort;0
900;sog;0
901;sogar;0
902;solange;0
903;solc hen;0
904;solch;0
905;solche;0
906;solchem;0
907;solchen;0
908;solcher;0
909;solches;0
910;soll;0
911;sollen;0
912;sollst;0
913;sollt;0
914;sollte;0
915;sollten;0
916;solltest;0
917;somit;0
918;sondern;0
919;sonntag;0
920;sonst;0
921;sonstwo;0
922;sooft;0
924;soviel;0
925;soweit;0
926;sowie;0
927;sowohl;0
928;space;0
929;spielen;0
930;spaeter;0
931;st;0
932;stand;0
933;stande;0
934;startet;0
935;startete;0
936;starteten;0
937;statt;0
938;stattdessen;0
939;stehen;0
940;steht;0
941;stellen;0
942;stets;0
943;still;0
944;stille;0
945;straße;0
946;stueck;0
947;sub;0
948;such;0
949;suchen;0
950;summen;0
951;saemmtlich;0
952;saemmtliche;0
953;saemtliche;0
954;t;0
955;tag;0
956;tage;0
957;tagen;0
958;tages;0
959;tagl;0
960;taglich;0
961;tat;0
962;tatsaechlich;0
963;tatsaechlichen;0
964;tatsaechlicher;0
965;tatsaechliches;0
966;tausend;0
967;teile;0
968;teilen;0
969;teilte;0
970;teilten;0
971;ten;0
972;ter;0
973;th;0
974;that;0
975;theil;0
976;theils;0
977;thier;0
978;thiers;0
979;thlr;0
980;thun;0
981;titel;0
982;total;0
983;trage;0
984;tragen;0
985;treten;0
986;trotz;0
987;trotzdem;0
988;trug;0
989;traegt;0
990;tun;0
991;tust;0
992;tut;0
993;txt;0
994;taegl;0
995;taeglich;0
996;taet;0
997;u;0
998;ueber;0
999;uhr;0
1000;um;0
1001;umso;0
1002;un;0
1003;und;0
1004;ungefaehr;0
1010;uns;0
1011;unse;0
1012;unsem;0
1013;unsen;0
1014;unser;0
1015;unsere;0
1016;unserem;0
1017;unseren;0
1018;unserer;0
1019;unseres;0
1020;unserm;0
1021;unses;0
1022;unten;0
1023;unter;0
1026;unterhalb;0
1028;ur;0
1029;usw;0
1030;v;0
1031;ver;0
1032;vergangen;0
1033;vergangene;0
1034;vergangener;0
1035;vergangenes;0
1036;verlangen;0
1037;vermag;0
1038;vermutlich;0
1039;vermoegen;0
1044;version;0
1045;versorge;0
1046;versorgen;0
1047;versorgt;0
1048;versorgte;0
1049;versorgten;0
1050;versorgtes;0
1051;veroeffentlichen;0
1052;veroeffentlicher;0
1053;veroeffentlicht;0
1054;veroeffentlichte;0
1055;veroeffentlichten;0
1056;veroeffentlichtes;0
1057;vi;0
1058;via;0
1059;viel;0
1060;viele;0
1061;vielen;0
1062;vieler;0
1063;vieles;0
1064;vielleicht;0
1065;vielmals;0
1066;vier;0
1067;vii;0
1068;viii;0
1069;vm;0
1070;voll;0
1071;vom;0
1072;von;0
1073;vor;0
1074;voran;0
1075;vorbei;0
1076;vorgestern;0
1077;vorher;0
1078;vormittag;0
1079;vorne;0
1080;vorueber;0
1081;voellig;0
1082;w;0
1083;wachen;0
1084;waere;0
1085;wann;0
1086;war;0
1087;waren;0
1088;warst;0
1089;warum;0
1090;was;0
1091;weder;0
1092;weg;0
1093;wege;0
1094;wegen;0
1095;weil;0
1097;weit;0
1098;weiter;0
1099;weitere;0
1100;weiterem;0
1101;weiteren;0
1102;weiterer;0
1103;weiteres;0
1104;weiterhin;0
1105;weiß;0
1106;welche;0
1107;welchem;0
1108;welchen;0
1109;welcher;0
1110;welches;0
1111;wem;0
1112;wen;0
1113;wenig;0
1114;wenige;0
1115;weniger;0
1116;wenigstens;0
1117;wenn;0
1118;wenngleich;0
1119;wer;0
1120;werde;0
1121;werden;0
1122;werdet;0
1123;weshalb;0
1124;wessen;0
1125;wie;0
1126;wieder;0
1127;wieso;0
1128;wieviel;0
1129;wiewohl;0
1130;will;0
1131;willst;0
1132;wir;0
1133;wird;0
1134;wirklich;0
1135;wirst;0
1137;wo;0
1138;woche;0
1139;wodurch;0
1140;wogegen;0
1141;woher;0
1142;wohin;0
1143;wohingegen;0
1144;wohl;0
1145;wohlweislich;0
1146;wolle;0
1147;wollen;0
1148;wollt;0
1149;wollte;0
1150;wollten;0
1151;wolltest;0
1152;wolltet;0
1153;womit;0
1154;woraufhin;0
1155;woraus;0
1156;worden;0
1157;worin;0
1158;wort;0
1159;wunsch;0
1160;wurde;0
1161;wurden;0
1162;wwe;0
1163;waehrend;0
1164;waehrenddessen;0
1165;waer;0
1166;waere;0
1167;waeren;0
1168;wuensch;0
1169;wuenschen;0
1170;wuenscht;0
1171;wuerde;0
1172;wuerden;0
1173;x;0
1174;xi;0
1175;xii;0
1176;y;0
1177;z;0
1178;z.b.;0
1179;zahl;0
1180;zahlreich;0
1181;zehn;0
1182;zeitweise;0
1183;ziehen;0
1184;zieht;0
1185;ziemlich;0
1186;zog;0
1187;zogen;0
1188;ztg;0
1189;zu;0
1190;zudem;0
1191;zuerst;0
1192;zufolge;0
1193;zugleich;0
1194;zuletzt;0
1195;zum;0
1196;zumal;0
1197;zunaechst;0
1198;zur;0
1199;zurueck;0
1200;zusammen;0
1201;zuviel;0
1202;zwanzig;0
1203;zwar;0
1204;zwei;0
1205;zwischen;0
1206;zwoelf;0
1207;à;0
1208;aehnlich;0
1209;ueber;0
1210;ueberall;0
1211;ueberallhin;0
1212;ueberdies;0
1213;uebermorgen;0
1214;uebrig;0
1215;uebrigen;0
1216;uebrigens;0
1217;uebriger;0
1218;uebriges;0
1219;hie;0
1220;act;0
1221;thir;0
1222;pfg;0
1223;mont;0
1224;gerade;0
1225;fanden;0
1226;aussicht;0
1227;113;0
1228;129;0
1229;106;0
1230;los;0
1231;hr;0
1232;1180;0
1233;kil;0
1234;zeit;0
1235;ia;0
1236;ai;0
1237;pf;0
1238;pfd;0
1239;ang;0
1240;br;0
1241;od;0
1242;gegenueber;0
1243;ging;0
1244;abg;0
1245;kr;0
1246;ch;0
1247;ar;0
1248;ds;0
1249;nat;0
1250;pct;0
1251;cons;0
1252;eigentlichen;0
1253;obl ;0
1254;nachr;0
1255;tit;0
1256;mtr;0
1257;csen;0
1258;cmmdr;0
1259;frhr;0
1260;frhrn;0
1261;abg;0
1262;kr;0
1263;δ;0
1264;ch;0
